id,publisher,title,author,published_utc,article_url,tickers,image_url,description,keywords,insights
6162cc8a3ba582b7efc111ca4de4ea31f2d9a19a8208096b41fba3dc80e4e4e7,"{'name': 'The Motley Fool', 'homepage_url': 'https://www.fool.com/', 'logo_url': 'https://s3.polygon.io/public/assets/news/logos/themotleyfool.svg', 'favicon_url': 'https://s3.polygon.io/public/assets/news/favicons/themotleyfool.ico'}",34% of the S&P 500's Value Comes From Just 8 Stocks,The Motley Fool,2024-12-29T12:15:00Z,https://www.fool.com/investing/2024/12/29/34-of-the-sp-500-index-value-comes-from/?source=iedfolrf0000001,"['GOOG', 'GOOGL', 'AMZN', 'AAPL', 'META', 'MSFT', 'NVDA', 'TSLA', 'AVGO', 'RSP']",https://g.foolcdn.com/editorial/images/802196/people-computer-1.jpg,"The S&P 500 index has become highly concentrated, with just 8 stocks making up over 34% of its value. This raises concerns about the market's vulnerability to pullbacks in these 'Fateful Eight' stocks, which have outperformed the broader market. Investors may want to consider equal-weight funds to diversify their exposure.","['S&P 500', 'market concentration', 'Fateful Eight', 'equal-weight funds']","[{'ticker': 'GOOG', 'sentiment': 'positive', 'sentiment_reasoning': ""Alphabet is one of the 'Fateful Eight' stocks that have outperformed the broader market, suggesting it is a key driver of the S&P 500's recent gains.""}, {'ticker': 'GOOGL', 'sentiment': 'positive', 'sentiment_reasoning': ""Alphabet is one of the 'Fateful Eight' stocks that have outperformed the broader market, suggesting it is a key driver of the S&P 500's recent gains.""}, {'ticker': 'AMZN', 'sentiment': 'positive', 'sentiment_reasoning': ""Amazon is one of the 'Fateful Eight' stocks that have outperformed the broader market, suggesting it is a key driver of the S&P 500's recent gains.""}, {'ticker': 'AAPL', 'sentiment': 'positive', 'sentiment_reasoning': ""Apple is one of the 'Fateful Eight' stocks that have outperformed the broader market, suggesting it is a key driver of the S&P 500's recent gains.""}, {'ticker': 'META', 'sentiment': 'positive', 'sentiment_reasoning': ""Meta Platforms is one of the 'Fateful Eight' stocks that have outperformed the broader market, suggesting it is a key driver of the S&P 500's recent gains.""}, {'ticker': 'MSFT', 'sentiment': 'neutral', 'sentiment_reasoning': ""Microsoft is one of the 'Fateful Eight' stocks, but it did not outperform the broader market in 2024, suggesting it may not be as influential as the other 'Fateful Eight' stocks.""}, {'ticker': 'NVDA', 'sentiment': 'positive', 'sentiment_reasoning': ""Nvidia is one of the 'Fateful Eight' stocks that have outperformed the broader market, suggesting it is a key driver of the S&P 500's recent gains.""}, {'ticker': 'TSLA', 'sentiment': 'positive', 'sentiment_reasoning': ""Tesla is one of the 'Fateful Eight' stocks that have outperformed the broader market, suggesting it is a key driver of the S&P 500's recent gains.""}, {'ticker': 'AVGO', 'sentiment': 'positive', 'sentiment_reasoning': ""Broadcom has recently surpassed a $1 trillion market cap, joining the 'Fateful Eight' stocks that have outperformed the broader market, suggesting it is a key driver of the S&P 500's recent gains.""}, {'ticker': 'RSP', 'sentiment': 'positive', 'sentiment_reasoning': ""The article suggests that the Invesco S&P 500 Equal Weight ETF could be a good option for investors concerned about the concentration risks in the S&P 500, as it would be more resilient to a pullback in the 'Fateful Eight' stocks.""}]"
fd67ab8c9ebf6a826347be2474137eb48c8d82f98bbf9453951bf556af27bbb8,"{'name': 'The Motley Fool', 'homepage_url': 'https://www.fool.com/', 'logo_url': 'https://s3.polygon.io/public/assets/news/logos/themotleyfool.svg', 'favicon_url': 'https://s3.polygon.io/public/assets/news/favicons/themotleyfool.ico'}",Microsoft Stock vs. Meta Platforms Stock: Billionaires Are Buying One and Selling the Other,The Motley Fool,2024-12-29T10:12:00Z,https://www.fool.com/investing/2024/12/29/microsoft-stock-meta-platforms-stock-buy-sell/?source=iedfolrf0000001,"['MSFT', 'META']",https://g.foolcdn.com/editorial/images/802286/bull-and-bear-4.jpg,"Hedge fund billionaires are buying Meta Platforms and selling Microsoft. Microsoft's AI business is growing rapidly, but the stock looks expensive. Meta Platforms is effectively using AI to boost engagement, and the stock trades at a reasonable price.","['Microsoft', 'Meta Platforms', 'Artificial Intelligence', 'Hedge Funds']","[{'ticker': 'MSFT', 'sentiment': 'neutral', 'sentiment_reasoning': ""Microsoft's AI business is growing rapidly, but the stock looks expensive at its current valuation.""}, {'ticker': 'META', 'sentiment': 'positive', 'sentiment_reasoning': 'Meta Platforms is effectively using AI to boost engagement, and the stock trades at a reasonable price.'}]"
f24d3f7331011238321c79c7685e68fb852bd3d8a6b5e334ce8f52c5081cc836,"{'name': 'The Motley Fool', 'homepage_url': 'https://www.fool.com/', 'logo_url': 'https://s3.polygon.io/public/assets/news/logos/themotleyfool.svg', 'favicon_url': 'https://s3.polygon.io/public/assets/news/favicons/themotleyfool.ico'}",Cathie Wood Says Software Is the Next Big AI Opportunity -- 2 Super Stocks You'll Wish You'd Bought if She's Right,The Motley Fool,2024-12-28T09:49:00Z,https://www.fool.com/investing/2024/12/28/cathie-wood-software-next-ai-2-stocks-wish-bought/?source=iedfolrf0000001,"['AI', 'MSFT']",https://g.foolcdn.com/editorial/images/802132/a-smartphone-with-the-c3ai-logo-on-the-screen.jpg,"Cathie Wood, founder of Ark Investment Management, believes AI software companies are the next big opportunity, predicting they could generate up to $8 in revenue for every $1 spent on chips. The article highlights C3.ai and Microsoft as potential winners if Wood's prediction proves true.","['Cathie Wood', 'AI', 'software', 'C3.ai', 'Microsoft']","[{'ticker': 'AI', 'sentiment': 'positive', 'sentiment_reasoning': 'The article highlights C3.ai as a leading AI software company that offers ready-made AI applications for businesses, which could benefit from the increasing adoption of AI technology.'}, {'ticker': 'MSFT', 'sentiment': 'positive', 'sentiment_reasoning': ""The article notes that Microsoft is a leader in AI software, with its partnership with OpenAI and the integration of the Copilot AI assistant into its flagship software products. The company's investments in data center infrastructure to support AI could also pay off significantly if Cathie Wood's predictions are accurate.""}]"
2902d72dce01212fcfce37b39d932d2bedc6b5d096dfdb6ffab70dcc8d7628d3,"{'name': 'The Motley Fool', 'homepage_url': 'https://www.fool.com/', 'logo_url': 'https://s3.polygon.io/public/assets/news/logos/themotleyfool.svg', 'favicon_url': 'https://s3.polygon.io/public/assets/news/favicons/themotleyfool.ico'}",Could SoundHound AI Be Your Ticket to Becoming a Millionaire by 2035?,James Brumley,2024-12-28T09:30:00Z,https://www.fool.com/investing/2024/12/28/soundhound-ai-be-ticket-become-millionaire/?source=iedfolrf0000001,"['SOUN', 'SOUNW', 'GOOG', 'GOOGL', 'MSFT']",https://g.foolcdn.com/editorial/images/802170/rich-millionaire-billionaire-raining-money.jpg,"SoundHound AI is an AI technology company that has successfully monetized its voice-based solutions. However, its technology is not unique, and it faces competition from larger, deeper-pocketed rivals like Google, Microsoft, and OpenAI. Additionally, the stock is significantly overvalued, making it a risky investment with low likelihood of making investors millionaires by 2035.","['SoundHound AI', 'AI technology', 'voice-based solutions', 'competition', 'valuation']","[{'ticker': 'SOUN', 'sentiment': 'negative', 'sentiment_reasoning': ""The article suggests that SoundHound AI's technology is not unique and can be easily mimicked by larger competitors, and the stock is significantly overvalued, making it a risky investment with low likelihood of making investors millionaires.""}, {'ticker': 'SOUNW', 'sentiment': 'negative', 'sentiment_reasoning': ""The article suggests that SoundHound AI's technology is not unique and can be easily mimicked by larger competitors, and the stock is significantly overvalued, making it a risky investment with low likelihood of making investors millionaires.""}, {'ticker': 'GOOG', 'sentiment': 'neutral', 'sentiment_reasoning': ""The article mentions Alphabet's Google as a potential competitor to SoundHound AI, but does not provide a clear sentiment on the company.""}, {'ticker': 'GOOGL', 'sentiment': 'neutral', 'sentiment_reasoning': ""The article mentions Alphabet's Google as a potential competitor to SoundHound AI, but does not provide a clear sentiment on the company.""}, {'ticker': 'MSFT', 'sentiment': 'neutral', 'sentiment_reasoning': ""The article mentions Microsoft's AI assistant Copilot as a potential competitor to SoundHound AI, but does not provide a clear sentiment on the company.""}]"
69c3629bd3a97328b9cfe42c688961f2cb96a9066d9c65623b2b1d570a8f531e,"{'name': 'The Motley Fool', 'homepage_url': 'https://www.fool.com/', 'logo_url': 'https://s3.polygon.io/public/assets/news/logos/themotleyfool.svg', 'favicon_url': 'https://s3.polygon.io/public/assets/news/favicons/themotleyfool.ico'}",Prediction: Palantir Stock Could Hit $100 By Year-End (but There's a Catch),Adam Spatacco,2024-12-27T10:10:00Z,https://www.fool.com/investing/2024/12/27/prediction-palantir-stock-could-hit-100-year-end/?source=iedfolrf0000001,"['PLTR', 'MSFT', 'ORCL', 'AMZN', 'META', 'BAH', 'NVDA']",https://g.foolcdn.com/editorial/images/802087/december-7.jpg,"Palantir Technologies (PLTR) has seen its stock price surge by 380% so far in 2024, making it the best-performing stock in the S&P 500. While the company has made significant progress, including partnerships with tech giants and inclusion in major indexes, the valuation metrics suggest the stock may be overvalued. The author believes Palantir could reach $100 per share by the end of the year, but cautions that it may be more of a momentum investment fueled by day traders rather than a sound long-term investment.","['Palantir Technologies', 'AI', 'valuation', 'long-term investment']","[{'ticker': 'PLTR', 'sentiment': 'neutral', 'sentiment_reasoning': 'The article presents a mixed view on Palantir. While the company has made significant progress and the stock price has surged, the author believes the valuation is stretched and the stock may be more of a momentum play rather than a sound long-term investment.'}, {'ticker': 'MSFT', 'sentiment': 'positive', 'sentiment_reasoning': 'Palantir has struck a strategic partnership with Microsoft, which is seen as a positive development for the company.'}, {'ticker': 'ORCL', 'sentiment': 'positive', 'sentiment_reasoning': 'Palantir has also partnered with Oracle, which is viewed as a positive for the company.'}, {'ticker': 'AMZN', 'sentiment': 'positive', 'sentiment_reasoning': 'Palantir has partnered with Amazon, which is seen as a positive for the company.'}, {'ticker': 'META', 'sentiment': 'positive', 'sentiment_reasoning': 'Palantir has partnered with Meta Platforms, which is viewed as a positive for the company.'}, {'ticker': 'BAH', 'sentiment': 'positive', 'sentiment_reasoning': 'Palantir has partnered with defense consulting firm Booz Allen Hamilton, which is seen as a positive for the company.'}, {'ticker': 'NVDA', 'sentiment': 'positive', 'sentiment_reasoning': ""The article mentions that Palantir's stock price surge is similar to that of Nvidia's over the last two years, which is seen as a positive comparison.""}]"
3d840a43dfb261e24ff6a6842495355e92ebca02bdffb2c12478d01d4f830ed6,"{'name': 'The Motley Fool', 'homepage_url': 'https://www.fool.com/', 'logo_url': 'https://s3.polygon.io/public/assets/news/logos/themotleyfool.svg', 'favicon_url': 'https://s3.polygon.io/public/assets/news/favicons/themotleyfool.ico'}",2 Artificial Intelligence (AI) ETFs to Confidently Buy Heading Into 2025,Anthony Di Pizio,2024-12-27T09:29:00Z,https://www.fool.com/investing/2024/12/27/2-ai-etfs-to-confidently-buy-heading-into-2025/?source=iedfolrf0000001,"['NVDA', 'GOOG', 'GOOGL', 'MSFT', 'CHAT', 'ARTY']",https://g.foolcdn.com/editorial/images/802079/two-investors-looking-at-a-series-of-computer-screens-with-price-charts-on-them.jpg,"The article discusses two AI-focused ETFs, the Roundhill Generative AI and Technology ETF (CHAT) and the iShares Future AI and Technology ETF (ARTY), and their potential to benefit from the growing AI industry in 2025.","['AI', 'ETF', 'Nvidia', 'Alphabet', 'Microsoft']","[{'ticker': 'NVDA', 'sentiment': 'positive', 'sentiment_reasoning': 'Nvidia is a leading supplier of AI hardware, and the article mentions it as one of the top holdings in the Roundhill and iShares AI ETFs, indicating its importance in the AI industry.'}, {'ticker': 'GOOG', 'sentiment': 'positive', 'sentiment_reasoning': 'Alphabet is mentioned as one of the top holdings in the Roundhill AI ETF, as it is a major player in AI software development, suggesting its potential to benefit from the AI revolution.'}, {'ticker': 'GOOGL', 'sentiment': 'positive', 'sentiment_reasoning': 'Alphabet is mentioned as one of the top holdings in the Roundhill AI ETF, as it is a major player in AI software development, suggesting its potential to benefit from the AI revolution.'}, {'ticker': 'MSFT', 'sentiment': 'positive', 'sentiment_reasoning': 'Microsoft is also highlighted as a top holding in the Roundhill AI ETF, reflecting its significant investments and capabilities in AI software, which could drive its growth in the AI market.'}, {'ticker': 'CHAT', 'sentiment': 'positive', 'sentiment_reasoning': 'The article presents the Roundhill ETF as a strong option for investors to gain diversified exposure to the AI industry, as it has a concentrated portfolio of leading AI companies and has delivered impressive returns in 2024.'}, {'ticker': 'ARTY', 'sentiment': 'positive', 'sentiment_reasoning': 'The iShares AI ETF is also highlighted as a promising option for investors, as it has a well-diversified portfolio of AI-related companies and has outperformed the broader market since its restructuring in 2024.'}]"
0c42b14a06c91e65b944bb5f180678a0aee539a9f0259182c74d8ab6b2054fb3,"{'name': 'GlobeNewswire Inc.', 'homepage_url': 'https://www.globenewswire.com', 'logo_url': 'https://s3.polygon.io/public/assets/news/logos/globenewswire.svg', 'favicon_url': 'https://s3.polygon.io/public/assets/news/favicons/globenewswire.ico'}",GROUPIRA Launches Cutting-Edge Platform to Transform IRA Rollovers with Microsoft Azure,"Groupira, Inc.",2024-12-26T20:40:00Z,https://www.globenewswire.com/news-release/2024/12/26/3002034/0/en/GROUPIRA-Launches-Cutting-Edge-Platform-to-Transform-IRA-Rollovers-with-Microsoft-Azure.html,"['MSFT', 'FIS', 'RELX', 'PLDIF', 'DOCU']",https://ml.globenewswire.com/Resource/Download/fcab9131-8c70-4bd9-9251-5279cc358285,"GROUPIRA, a financial technology company, has launched GROUPIRA 5.0, a platform that leverages advanced technologies to streamline the IRA rollover process for its channel partners. The company is also developing a customized online account origination solution for external retirement plan advisers.","['GROUPIRA', 'IRA rollovers', 'financial technology', 'retirement plan solutions']","[{'ticker': 'MSFT', 'sentiment': 'positive', 'sentiment_reasoning': ""GROUPIRA is leveraging Microsoft Azure, a leading cloud computing platform, to enhance the security and seamlessness of data transfers, indicating a positive partnership and integration of Microsoft's technology.""}, {'ticker': 'FIS', 'sentiment': 'positive', 'sentiment_reasoning': 'GROUPIRA is utilizing FIS Relius, a retirement plan administration software, to improve the rollover process, suggesting a beneficial collaboration between the two companies.'}, {'ticker': 'RELX', 'sentiment': 'positive', 'sentiment_reasoning': 'GROUPIRA is integrating LexisNexis, a leading provider of legal and business information, to enhance the rollover process, indicating a positive partnership to leverage their data and services.'}, {'ticker': 'PLDIF', 'sentiment': 'positive', 'sentiment_reasoning': ""GROUPIRA is using Plaid, a financial data aggregation platform, to improve the rollover process, suggesting a beneficial integration of Plaid's technology.""}, {'ticker': 'DOCU', 'sentiment': 'positive', 'sentiment_reasoning': 'GROUPIRA is leveraging DocuSign, a leading e-signature solution, to streamline the rollover process, indicating a positive partnership to enhance digital document workflows.'}]"
d19078b7cf959c37365e798921cf988af729af5ec53dbae8790d9cf02adbc004,"{'name': 'GlobeNewswire Inc.', 'homepage_url': 'https://www.globenewswire.com', 'logo_url': 'https://s3.polygon.io/public/assets/news/logos/globenewswire.svg', 'favicon_url': 'https://s3.polygon.io/public/assets/news/favicons/globenewswire.ico'}",Tevogen Bio to Host Panel Discussions “AI In Biopharma: Next Frontier of Medical Innovation” and “Pioneering the Economics of Health: Balancing Access and Outcomes” During J.P. Morgan Healthcare Conference,N/A,2024-12-26T17:21:00Z,https://www.globenewswire.com/news-release/2024/12/26/3002002/0/en/Tevogen-Bio-to-Host-Panel-Discussions-AI-In-Biopharma-Next-Frontier-of-Medical-Innovation-and-Pioneering-the-Economics-of-Health-Balancing-Access-and-Outcomes-During-J-P-Morgan-Hea.html,"['MSFT', 'TVGN', 'TVGNW']",https://ml.globenewswire.com/Resource/Download/9b0bf9b2-9619-4962-ab6d-3b2f13eaf0c8,"Tevogen Bio will host panel discussions on AI in biopharma and the economics of healthcare at the upcoming J.P. Morgan Healthcare Conference. The panels will feature industry experts discussing how AI can revolutionize drug discovery and development, and the interdependencies within the healthcare ecosystem.","['AI', 'biopharma', 'healthcare', 'drug discovery', 'economics']","[{'ticker': 'MSFT', 'sentiment': 'positive', 'sentiment_reasoning': ""Microsoft's Global Chief Medical Officer and VP of Healthcare, David Rhew, is a panelist, indicating the company's involvement in the healthcare and AI space.""}, {'ticker': 'TVGN', 'sentiment': 'positive', 'sentiment_reasoning': 'Tevogen Bio is hosting the panel discussions, showcasing its leadership in the biopharma and healthcare innovation space.'}, {'ticker': 'TVGNW', 'sentiment': 'positive', 'sentiment_reasoning': 'Tevogen Bio is hosting the panel discussions, showcasing its leadership in the biopharma and healthcare innovation space.'}]"
27fc85a8bebc6c92f87091f7e39774607d79aee1c33a3fcc8a5474b65dcaf8a7,"{'name': 'GlobeNewswire Inc.', 'homepage_url': 'https://www.globenewswire.com', 'logo_url': 'https://s3.polygon.io/public/assets/news/logos/globenewswire.svg', 'favicon_url': 'https://s3.polygon.io/public/assets/news/favicons/globenewswire.ico'}",Healthcare Business Collaboration Tools Market to Worth Over US$ 201.94 Billion By 2033 | Astute Analytica,Astute Analytica,2024-12-26T14:30:00Z,https://www.globenewswire.com/news-release/2024/12/26/3001966/0/en/Healthcare-Business-Collaboration-Tools-Market-to-Worth-Over-US-201-94-Billion-By-2033-Astute-Analytica.html,"['MSFT', 'GOOG', 'GOOGL', 'IBM']",https://ml.globenewswire.com/Resource/Download/a77988df-ad1a-4619-9a4e-367c858dc70e,"The global healthcare business collaboration tools market is expected to reach a valuation of US$ 201.94 billion by 2033, growing at a CAGR of 22.80% during the forecast period. The market is driven by the increasing adoption of telemedicine and the need for secure, integrated communication solutions in the healthcare industry.","['healthcare', 'collaboration tools', 'telemedicine', 'communication', 'data security']","[{'ticker': 'MSFT', 'sentiment': 'positive', 'sentiment_reasoning': ""The article highlights the growing demand for integrated communication and collaboration solutions in the healthcare industry, which aligns with Microsoft's offerings in this space.""}, {'ticker': 'GOOG', 'sentiment': 'positive', 'sentiment_reasoning': 'The article suggests that healthcare organizations are seeking advanced technologies, such as AI-driven triage platforms, which could benefit companies like Google that are investing in healthcare-focused AI solutions.'}, {'ticker': 'GOOGL', 'sentiment': 'positive', 'sentiment_reasoning': 'The article suggests that healthcare organizations are seeking advanced technologies, such as AI-driven triage platforms, which could benefit companies like Google that are investing in healthcare-focused AI solutions.'}, {'ticker': 'IBM', 'sentiment': 'positive', 'sentiment_reasoning': ""The article mentions IBM as one of the key players in the healthcare business collaboration tools market, indicating the company's involvement in this growing industry.""}]"
f428e184956ecd53ac4ec81b2069a001f26f27c65558c02b3950a23cab38f0a0,"{'name': 'The Motley Fool', 'homepage_url': 'https://www.fool.com/', 'logo_url': 'https://s3.polygon.io/public/assets/news/logos/themotleyfool.svg', 'favicon_url': 'https://s3.polygon.io/public/assets/news/favicons/themotleyfool.ico'}",The Bull Market Keeps Growing: 4 Reasons to Buy Amazon Like There's No Tomorrow,The Motley Fool,2024-12-26T10:20:00Z,https://www.fool.com/investing/2024/12/26/bull-market-growing-reasons-buy-amazon-stock/?source=iedfolrf0000001,"['AMZN', 'MSFT', 'GOOG', 'GOOGL', 'AAPL']",https://g.foolcdn.com/editorial/images/801960/gettyimages-1483780995.jpg,"Amazon is well-positioned to capitalize on the AI opportunity, with its cloud computing unit AWS leading the market and the company investing in AI-powered innovations across its e-commerce and logistics operations. Despite recent strong performance, Amazon's valuation remains attractive, making it a compelling long-term investment.","['Amazon', 'AWS', 'AI', 'cloud computing', 'e-commerce', 'valuation']","[{'ticker': 'AMZN', 'sentiment': 'positive', 'sentiment_reasoning': ""The article highlights Amazon's strong position in the cloud computing market through AWS, its investments in AI-powered innovations across its business segments, and its attractive valuation, suggesting the company is well-positioned to capitalize on the AI opportunity and continue its growth trajectory.""}, {'ticker': 'MSFT', 'sentiment': 'neutral', 'sentiment_reasoning': ""The article mentions Microsoft's Azure cloud platform as a competitor to AWS, but does not provide any specific commentary on Microsoft's outlook or performance.""}, {'ticker': 'GOOG', 'sentiment': 'neutral', 'sentiment_reasoning': ""The article notes that Alphabet's Google Cloud is a competitor to AWS in the cloud computing market, but does not offer any further insights on Alphabet's performance or prospects.""}, {'ticker': 'GOOGL', 'sentiment': 'neutral', 'sentiment_reasoning': ""The article notes that Alphabet's Google Cloud is a competitor to AWS in the cloud computing market, but does not offer any further insights on Alphabet's performance or prospects.""}, {'ticker': 'AAPL', 'sentiment': 'positive', 'sentiment_reasoning': ""The article mentions that Apple is a customer of Amazon's AI chips, suggesting a positive relationship and potential collaboration between the two companies.""}]"
