symbol,date,headline,summary,url
SPY,1735476500,Earnings Season On Tap: Taking A Measured Financials Sector Stance On VFH,"Read why the analyst maintains a hold rating on VFH due to decent valuation and generally bullish technicals, despite weak seasonality and expected Q1 volatility.",https://finnhub.io/api/news?id=ebb8f09d035c36635cd569ff2221888d20a8315d7ab0d3e01a92c1620d96ec22
SPY,1735476441,Stock market enters final stretch of 2024: What to know this week,"Stocks will look to rebound from a sluggish start to the ""Santa Claus"" rally in the final trading days of 2024.",https://finnhub.io/api/news?id=02528d71c8b8f65120e9d7f29fc34fb3c161bd9a1efa8b687c10b53cb755803b
SPY,1735452900,6 Big Market Predictions For 2025,"Inflation remains significant concern for 2025, with potential upside risks from tariffs and housing prices. Read why multiple contraction may finally hit S&P 500.",https://finnhub.io/api/news?id=5903e902f80d5c7dce684d78fb334b6c2a43e7ac0ca3e3be7f1149ad65b82a2d
SPY,1735452401,"If You Liked The 1990s Dotcom Bull Market, Then You Will Love The Next Few Years: A Revisit One-Year Later","Government deficit-spending has accelerated, fueling a potential bull market. Read why there is a long-term bullish trend in the market.",https://finnhub.io/api/news?id=531cd0b00c1f7967c431e425ddc226e87ffc344a28a4824d2d262b87cb3b7915
SPY,1735445432,"MEGI: The Market Expects A Cut, The Numbers Reinforce That Conclusion","The NYLI CBRE Global Infrastructure Megatrends Term offers a high yield, but it has still disappointed investors. Read why MEGI is a Hold.",https://finnhub.io/api/news?id=48c7da768735d69f82c4039c92f03b58eb9c70fdb639cd83941652b1a73e05f3
SPY,1735383420,Investing pros think these stock-market losers are set to rebound in 2025,"Also: Technical analysis for trading in shares of Nvidia, how MicroStrategy burns cash, and tips for people with student loans in 2025",https://finnhub.io/api/news?id=7f3ca12b0ce13e9da717ec7e6632beed3eec9aacb333c43713d98e3944294204
SPY,1735374600,Apple: Why I'm Not Selling No Matter What You Say,Appleâs strategic focus on seamless hardware-software integration is a key hallmark of its strategy. Read how AI fits into this effort.,https://finnhub.io/api/news?id=3f26fc5bedec14428b7bf44091adda4439a8f50d9da93c34883a1fdd208fb985
SPY,1735363208,Weekly Commentary: Vigilantism And Deleveraging,"End of the year mark-ups in thin holiday trading (Santa Claus rally) are expected to lift Wall Street bonuses and, more importantly, hedge fund payouts.",https://finnhub.io/api/news?id=18f42b675589a1347d89d8236b12e33afefa0633f902ba264ac3fb2b8c2b538c
SPY,1735354521,EWZ: Why The 2025 Outlook For Brazil Appears Bearish,"The Brazilian economy faces challenges in 2024 with high inflation, rising interest rates, and a devalued currency impacting stock performance. Read more here.",https://finnhub.io/api/news?id=37573cf2ca799afbbec3441cccec44a79923d8e2ad258ded85ae530c0878276d
SPY,1735344300,2024 Recap: Resilient Despite Risks,"Markets defied challenges in 2024, delivering strong gains across equities and bonds, supported by investor optimism and resilient economic fundamentals.",https://finnhub.io/api/news?id=640a865b02bf288a40c67113d35a0846363bbf7ca823ce391f35f53d798f2616
SPY,1735335900,"Unemployment Claims Down 1K, Better Than Expected","In the week ending December 21st, initial jobless claims were at a seasonally adjusted level of 219,000. Click here to read more.",https://finnhub.io/api/news?id=64db141750e2bb7181fa70bcd45ce7b7ea7c1dc33d8d85620f2c2a3a2d6080c5
SPY,1735312293,The AI stock trade is starting to shift beyond the 'Magnificent 7',Strategists expect the artificial intelligence trade will mature in 2025 to benefit companies beyond those buying and creating new AI chips.,https://finnhub.io/api/news?id=81051bc31c460dd5170802f87d405ef93aed70a65424c0730c7f9ce323936372
SPY,1735312106,Retail investors flocked to Nvidia in 2024,"Retail investors flocked to Nvidia (NVDA) in 2024. According to Vanda Research, the chip giant saw nearly $30 billion in inflows during the year. That handily beats out the SPDR S&P 500 ETF (SPY) and Tesla (TSLA). In the video above, Morning Brief hosts Brad Smith and Brian Sozzi discuss what sets Nvidia apart. To watch more expert insights and analysis on the latest market action, check out more Morning Brief here. This video was written by Josh Lynch",https://finnhub.io/api/news?id=974042683269ad72a32a0e7a909850e91fa1174b13bc7f5b851f484eb9a1820b
SPY,1735304789,"Exchange-Traded Funds, Equity Futures Lower Pre-Bell Friday as Markets Sluggishly Move to Year-End",The broad market exchange-traded fund SPDR S&P 500 ETF Trust (SPY) was down 0.3% and the actively tr,https://finnhub.io/api/news?id=fd3cea20edd71e3d77cb172b5fd30931644c30b1252337935ec6e53d1df4927a
SPY,1735295220,"U.S. Inflation Has Turned 'Sticky', Reducing Odds For Rate Cuts",The average of a set of alternative and conventional inflation indicators are picking up on firmer reflation pressure. Click to read.,https://finnhub.io/api/news?id=716576bf6190b5e1d83595f17b3b57c060a3cf45dc5e7cb3fdbe396427f433c2
SPY,1735286400,Sentiment Speaks: Unburden Yourself From What Has Been,"Questioning common myths in finance, such as the belief that the Fed controls the stock market, is essential for successful investing. Explore more details here.",https://finnhub.io/api/news?id=7cb573f37a11d232ea397ef2d3c4dd9a8e3226b5e25f15a16b519f1ca019cb38
SPY,1735237500,Are Continuing Claims A Concern?,"For initial claims, this week's reading came in at 219K. That was down 1K from an unrevised reading of 220K the previous week and was a surprise decline versus the forecasted print of 223K.",https://finnhub.io/api/news?id=3376d43efb6045411338226920b75a73d32c4e89506fae04dd73f2d09e99049a
SPY,1735236842,"The S&P 500 Will Reach 7077 In 2025, Driven By The 'Magic Number 3'","Could the stock market rise more in 2025? Read how economic expansion and potential rate cuts could propel stocks higher, despite current overvaluation concerns.",https://finnhub.io/api/news?id=92215fff86d143b487fd2d003a7ea9d808d58a1f4c1e8094b169b15c7ff2019d
SPY,1735234578,CHI: This Convertible Bond CEF Is Ridiculously Overpriced,Calamos Convertible Opportunities and Income Fund offers high income but has volatility and requires caution due to leverage and premium. Click for my CHI update.,https://finnhub.io/api/news?id=1546c454ae2c07f98e44d80ebf47e3f5247949a436451fc8ab6e63f020236c58
SPY,1735225200,5 Most-Bought Stocks & ETFs of 2024: AI Rules,"The most-bought securities of 2024 are NVIDIA, SPY, Tesla, QQQ, and AMD. It demonstrates one thing: in 2024, AI was king.",https://finnhub.io/api/news?id=44ef9f23814142928fa6313db4771217f23698d055cec2a8d5c6505cac5a9410
SPY,1735208026,CCD: High Price Makes It Difficult To Recommend This Convertible CEF Today,"Calamos Dynamic Convertible and Income Fund offers a high-yield and strong performance, but caution advised due to overvaluation. Click to read more about CCD.",https://finnhub.io/api/news?id=5f2103f67b7c7322afc2b2c6332e734e2c37d7feefc493b1b194aab25b9811f8
SPY,1735205114,3 December Trends That Could Shake Confidence In 2025,"Financial writer warns of potential market corrections in 2025, as rising Treasury rates and shifting trends signal trouble for investors. Click for more.",https://finnhub.io/api/news?id=227719fc9198ef4200fd6f54525ed7bbf275ff9398cf5c0b715009236037e28a
SPY,1735196017,DYNF: Dynamic Strategy With Comparable Performance To S&P 500 But Limited Downside Protection,"DYNF uses a dynamic multifactor strategy to adjust its portfolio based on economic phases, aiming for an outperformance but often showing inconsistent results. Read more here.",https://finnhub.io/api/news?id=895bb50f1efbe718c0561f04be404013f3c67ccc92a06146da46cfdd002a46a2
SPY,1735195020,A Bullish Narrative For Stocks,ETF issuance and mutual fund flows this year have seen U.S. equities take in $161.3 billion yet flows into fixed income investments over the same period total $503.9 billion. Click to read.,https://finnhub.io/api/news?id=ad45d9aaea195cbbbe6872e380482feef86493260ef0be92277ab600d6623454
SPY,1735174876,Five Reasons The Trump Bump May Have Peaked,The downside of aggressive Fed easing during the pandemic appears poised to take stocks down sharply. Read why I project S&P 500 will finish 2025 at 2820.,https://finnhub.io/api/news?id=e3b55d0fff8398e16a975139675a7ce94fa6d0f974158aed22ce1b45d473be24
SPY,1735173949,JGRO: Losing Steam Compared To Its Peers,"JGRO's performance was promising in its first 20 months, but it has lagged passive large-cap growth ETFs for six months. Read why JGRO ETF is a Hold.",https://finnhub.io/api/news?id=2f6e89fae79deea794936c2ac7d63ab4f3bc65c77a832ce731932580fd5d7833
SPY,1735172460,Target: Shares Too Cheap To Just Window Shop,Targetâs Q3 earnings report was dismal. Read why I reiterate a buy rating on TGT stock despite recent operational missteps and disappointing earnings.,https://finnhub.io/api/news?id=2b1ac0a3b3bcae3b0bb51ac69b5b89d15624e76b7356b4dc3965b0747dca8b7b
SPY,1735095244,3 Reasons Why VNQ Could Underperform In 2025,VNQ could follow the correction in Treasury yields due to new expectations for PCE and interest rates in 2025. Read why I believe the rating for VNQ is Hold.,https://finnhub.io/api/news?id=35a938e9b3f25cc24ece1de33b46c75df4f819154fa761d9a52f13bd5a315626
SPY,1735092252,January Effect: Small Or Large Caps?,"From 1979 to 2024, Nov. and Dec. have been the most profitable months for small- and large-cap stocks, not Jan. Read why Jan. effect has diminished over time.",https://finnhub.io/api/news?id=09d22038a2c6b929773e7546fc0a70b4673f6f86724d1b0a4a99b29101c73716
SPY,1735070700,Market Cap And Equal Weights By Sectors,"Call it a Santa Claus rally, but breadth and price action have improved in the past few days following an extremely weak stint in breadth to start the month.",https://finnhub.io/api/news?id=782a17dcd4b0585da39f96f179456ca824cd8ac1dd42e8754c0750a45504e1d3
SPY,1735064099,"Santa Rally Kicks Off On Wall Street: Stocks Gain, Tesla Soars, Bitcoin Hits $98,000","Wall Street kicked off the Santa Rally season on a positive note, with all major indices and sectors closing higher in a shortened session ahead of the Christmas holiday. The S&P 500 climbed 1%, extending its gains for a third consecutive session following last week’s volatile Federal Reserve meeting. The Dow Jones Industrial Average rose 0.9%, while the tech-heavy Nasdaq 100 gained 1.3%, nearly erasing last week’s losses. Consumer discretionary stocks, the top-performing sector of the year, led",https://finnhub.io/api/news?id=2f7f3d6ba95d687b9afe7f1a13f7acaffb6fc0984c8aed7c8a193a76fa3cbeab
SPY,1735046394,"Exchange-Traded Funds Edge Higher, Equity Futures Mixed Pre-Bell Tuesday as Traders Tread Cautiously Ahead of Shortened Trading Day",The broad market exchange-traded fund SPDR S&P 500 ETF Trust (SPY) was up 0.1% and the actively trad,https://finnhub.io/api/news?id=c355365da3c561810dbd549a2ea03e126eab3c4e41ba4918f0607b2f1b80d822
SPY,1735043400,"New Census Report Explained Job Growth, But Labor Market Likely To Tighten",Businesses that serve consumers or hire workers learned why things have gotten better in the form of good news from the Census Bureau.,https://finnhub.io/api/news?id=59b16de40f43e9f955556fd41fc7f9d80a7b3c53ea44c64ab3a9bf9294ce8290
SPY,1735038165,The Fed May Have To Raise Interest Rates In 2025,The spread between current and forward rates turned positive post-December Fed meeting. Check out why I predict a Fed rate hike in 2025.,https://finnhub.io/api/news?id=09670c663b9ed286a9a1a6f05183696811d4aaed38b0ced2741c46daeac32ea5
SPY,1735033500,"George Selgin On Strategic Bitcoin Reserves, Debanking, And The Fed's Framework Review","George Selgin, senior fellow & director emeritus - Center for Monetary and Financial Alternatives at Cato Institute - discusses crypto, strategic Bitcoin reserves, and Fedâs framework review",https://finnhub.io/api/news?id=fa8a6e32088ada8faf38e13bf30b3e6d44159fd83b540095d41ce4ce4e7304c4
SPY,1735032600,"2025 Analyst Outlook: Envision Research On AI, Dividends And Barbell Investing",Equity valuations are at lofty levels. Read why investors should not expect more of the same returns in 2025.,https://finnhub.io/api/news?id=1ca574d6dfbce9d2cc55dcc9488998e2fcd0518cf76ed622e9d094bd3c9bd27d
SPY,1735029300,1 REIT To Sell And 1 Strong Buy,NNN REIT and Netstreit have recently underperformed their close peers like Agree Realty. Learn more about NTST and NNN stocks and their ratings.,https://finnhub.io/api/news?id=2b4668a171bcf3e4e4a5af9cd1bdc5dfda63b5d4a356c8fce532f2b0c9685030
SPY,1735029295,Has The Bull Market Started To Crack After The Fed Scare?,"Market breadth shows signs of exhaustion, but it's too early to confirm a negative trend. See why I am still bullish about the market now.",https://finnhub.io/api/news?id=16344302c1a5599aab06ffe30d1910ad810c2fae4c3e6a2ad90258f4bc25b4aa
SPY,1735015047,Q4 Market Cycle Update: A New Cycle Has Likely Begun,"The market cycle shows mixed signals, but evidence leans towards a new cycle with rising earnings and revenue for the S&P 500. Click here for a detailed analysis.",https://finnhub.io/api/news?id=5f4f28f53c151a5f9706a36cbff99151811994f9f490e585d5fbf0bcc7e2b7b6
SPY,1735006800,Risk Of U.S.-China Trade Tensions 2.0: How Can This Time Be Different?,Continued US-China trade tensions and tariff increases have weakened the trade interdependence between China and the US. Read more here.,https://finnhub.io/api/news?id=b1a79e51a1c9817d159a30da3c1f07e9b028f79ec1a7baa9a2a7a4e2af252db7
SPY,1734971295,Americans are less confident about where the US economy is headed,"The potential impact of President-elect Donald Trump's policies remained top of mind for consumers in December, per the Conference Board.",https://finnhub.io/api/news?id=55d7714b94ffcaaabc94b37151f1e50004c7acb7695252d6655393d9231f7948
SPY,1734969300,Get Ready For New Stock Market Records In 2025,"Could the S&P 500 rise again in 2025? Read how interest rates, consumer data and potential regulatory changes and tax cuts may impact market sentiment.",https://finnhub.io/api/news?id=47f0baa3951a12c62ac0e25fb7a77f6813a1207e5dfd14867ff6b112cea02ac9
SPY,1734966216,SPY Vs. PFXF: S&P 500 Has Lower Risk Than Preferreds,"Discover why SPY may offer superior risk-adjusted returns compared to preferred shares in 2025, backed by a Monte Carlo simulation.",https://finnhub.io/api/news?id=f751b434f9e2086623f1e189d2fc6f72b8e8b85e4f21633fa18eeb58ef806a5d
SPY,1734961800,Yearly Portfolio Review - November Dividend Income Report,"My top 10 is healthy, with a large position in Apple at 9.64%, then drops to 7.46% for Couche-Tard and 5.99% for National Bank. Read more here.",https://finnhub.io/api/news?id=7adb433f2f9fe5cb618b29ddbac8084ec89374e9246d5baadf6e3b4128e1774e
SPY,1734959068,"Exchange-Traded Funds, Equity Futures Mixed Pre-Bell Monday as Investors Assess Fed's Interest Rate Outlook",The broad market exchange-traded fund SPDR S&P 500 ETF Trust (SPY) slipped 0.02% and the actively tr,https://finnhub.io/api/news?id=dbb83b2cf2a543449960ec29a8c3eb86495d0e0fb870b55bc1801eecea869425
SPY,1734958172,It's Time To Rotate Out Of The S&P 500,"Analysis of stock markets: U.S. large caps overvalued, European small caps undervalued, U.S.",https://finnhub.io/api/news?id=4d8bec52a5529b7c0bb8e4117de218934baa882b81bc110cc2d1e706134e79d5
SPY,1734957572,S&P 500: A Technical Look At Last Week's Damage,,https://finnhub.io/api/news?id=ea127e156531b649e13ad055db7ec2a4e5abe7a989b151416b1e7b3fb88fdada
SPY,1734951600,Sentiment Speaks: Can The Fed Crash This Market?,"Market moves are driven by psychological factors rather than by news events, challenging the fundamental analysis approach. Read what investors may get wrong in their assessments of markets.",https://finnhub.io/api/news?id=2fd20fa325e2e7414038752daa2bf2ee553957d4cc18b28e162461dafab3206e
SPY,1734949800,Fed Flip Flop Leads To A Market Reversal Or Correction?,"What does Wednesdayâs stock and bond market dip, plunge, pullback, correction, etc. mean for your portfolio for the remainder of 2024 and 2025? Read more here...",https://finnhub.io/api/news?id=e8cd5922b42cf2c400c25003607191a49f829ed877c9b0db7d24ac9f3de678e6
SPY,1734945300,"December SKEW-VIX Pattern Looks Like 2018 Top, Before 20% Market Tank",Financial writer warns of rising market risk based on option-trading indicators VIX and SKEW. Click here to read my market outlook based on these measures of volatility.,https://finnhub.io/api/news?id=605a81f7b8f3a7b29e2ea44662891dc9bb041ea73dcccf4fdb131eb809813cc9
SPY,1734942000,S&P 500 Snapshot: Down 2 Consecutive Weeks,"The S&P 500 finished the week ending December 20 with a loss, down 1.99% from last Friday. The index is now up 25.05% year-to-date. Read more here...",https://finnhub.io/api/news?id=4b9496a97f7f75739381a69fdea46b993a247c3ff24b6a81a5c73b138b3465c6
SPY,1734936600,Federal Reserve Grinch Tries To Steal Christmas From Stock Market,"The S&P 500 had a rough week just ahead of the holidays. This was courtesy of the grinches at the Fed, who put the kibosh on the prospects for more than two interest rate cuts in 2025.",https://finnhub.io/api/news?id=35e24cfd62a6fc8c8028f8a15a4450e64901d65bfe136e976700dfbf14caecfc
SPY,1734917750,Expect A Roller Coaster Stock Market In 2025,"The Nasdaq 100 is a better index than the S&P 500, and investors should pay heed to the historical outperformance. Click here for a detailed analysis.",https://finnhub.io/api/news?id=3ddeba4a637873c73344deac5b5987495cf401b91ed3f9219b55413dd88232b8
SPY,1734916729,S&P 500: To Benefit From AI-Led Productivity Gains In 2025,"US labor productivity outpaces Europe and UK, with AI expected to boost global productivity. Read why I predict a bullish S&P 500 outlook.",https://finnhub.io/api/news?id=268f5afed7d4ecff8d03aaacb3b895d09f41f49496de97fdb0a44fc1a993afe0
SPY,1734861900,Want to Invest Like Warren Buffett -- but on a Limited Budget -- in 2025? Here's 1 Buffett-Approved Asset to Add to Your Portfolio Now.,"Most investors would be happy with a track record like Warren Buffett's. The billionaire, at the helm of Berkshire Hathaway, has helped generate a compounded annual gain of nearly 20% over the past 58 years.  To potentially score a win similar to Buffett's, you could follow some of this expert investor's moves, buying stocks he favors, for example.  You would also have to follow when Buffett decreases a position or cuts it entirely.",https://finnhub.io/api/news?id=2567736e57882054ec1400a7fac68ac5aa6b229b5da0e2478af7ecc3fa8cff8d
SPY,1734858000,S&P 500 Forecast For 2025: On The Edge Of Gory,"A prediction of a volatile year for the S&P 500 in 2025, with a lower year-end target due to numerous risk factors outweighing potential rewards.",https://finnhub.io/api/news?id=0c54f55bdd72f2768217ff71601f217ef3b81723427db8576f155aa4434e33e8
SPY,1734848100,The Stock Market Faces A Massive Deleveraging Risk In 2025,The Fed's hawkish pivot and rising volatility have significantly impacted the S&P 500 and Nasdaq. Read more about the market outlook here.,https://finnhub.io/api/news?id=44d69851460108c3982fd0dbddbdd02aeb160050e2874d1901d32164089152a0
SPY,1734838800,Santa Claus Rally Or Did The Fed Steal Christmas?,"The market is assuming that the Fed is giving up on the idea that inflation will return to the 2% target next year, an idea that they had confidence in as recently as September.",https://finnhub.io/api/news?id=4ab16e12c7a4d9aeee596f2388d5fae175aa29e0cbbe2dde6b4448df9cb67a7c
SPY,1734835572,ADX: The Last Big One,Analysis of Adams Diversified Equity Fund (ADX) offers insight into its high distribution yield and potential market value.,https://finnhub.io/api/news?id=550393f089b6063aba8154216e346098cfe7522b49a443acb2d7c42cf3eb765a
SPY,1734773400,"If I Had To Invest $100,000 In A Dividend Growth Portfolio Right Now, Here's What I Would Buy","The methodology uses earnings yield, dividend yield, and 5-year dividend CAGR to score and rank 55 stocks across all 11 sectors.",https://finnhub.io/api/news?id=d5eae36fb2c4b242a6ff797ba27a3c5c004e126d305bd97ae5534840b428cb85
SPY,1734768300,10 Stocks I'm Buying As REITs Have Never Looked So Good,"High-quality REITs are attractively priced for long-term dividend growth investors, despite recent market selloffs. Read our analysis here.",https://finnhub.io/api/news?id=5e21f7219a5a308698656719ad0a2663fcf76b5239e6bd11d12d3b8026d033c5
SPY,1734768000,"Weekly Indicators: USD, Commodities, New Orders Face Plant Even As Yield Curve Normalizes","Stay ahead of economic trends. Long leading indicators improved with a normalized yield curve, but short leading indicators turned negative, click for more.",https://finnhub.io/api/news?id=87e4418db9fc0ead2720ed8d49be297b12caf01a0abb556eb8742b0257588d29
SPY,1734751255,Weekly Commentary: Deleveraging Doom Loop,"From Brazil to South Korea, emerging-market central banks are forming a line of defense as a rising dollar pushes their currencies to multi-year lows.",https://finnhub.io/api/news?id=b4375d41685d9371b12e0f3710cfde5e36dcc84cec9408bb81ad7362b8028f6d
SPY,1734748320,"Unemployment Claims Down 22K, Better Than Expected","In the week ending December 14th, initial jobless claims were at a seasonally adjusted level of 220,000. Read more here.",https://finnhub.io/api/news?id=4932f48a3dbc53b17641f9768aadf2cb60feeecc8b59a9d3eff902999457d60b
SPY,1734743100,Brake Lights Ahead,The Fed cut interest rates again this week in a widely telegraphed and entirely unsurprising move (though not without one notable dissent from Cleveland Fed head Beth Hammack).,https://finnhub.io/api/news?id=136b0bd9184d7843adde114afca1c97ca3a81552275e8019875a77830cef93bf
SPY,1734740700,Key Charts That Defined Markets And The Economy In 2024,Inflation remained a hot topic as the Federal Reserve cautiously ended the longest pause after a rate hiking cycle in the Fed's history by cutting rates in September.,https://finnhub.io/api/news?id=a7263385aecf652e45222cc9d3bc9f3d08513d3d9e6b61a26c1b6ab4f0cf3942
SPY,1734739620,Fed 2025 Outlook: A Fragile Balancing Act,The Federal Reserveâs cautious policy stance reflects a challenging economic backdrop heading into 2025.,https://finnhub.io/api/news?id=ac7e0563075aa69901890d9521e3508aeed28fafe4538cf3e81ebe649263cd1c
SPY,1734735000,Global Diversification Is Still Working,"When the stock market booms like this, we inevitably start getting questions about why we shouldnât be 100% stocks.",https://finnhub.io/api/news?id=ee690d11cc90f6bdd3013ecb4b527fb1d9f0d8c9b2bd1424964cce095748aef7
SPY,1734727500,PCE Prints Cool: Validates Our Dovish View On Inflation,Core PCE came in at only .11% vs. expectations at .2% and Y/Y was 2.8% vs. expectations of 2.9%.,https://finnhub.io/api/news?id=31c4ca991119924ff0963f7bcfebe62a1d2cf7d1ef257413fa3c6485e408e9ef
SPY,1734713359,Investing Amid Fed Uncertainty: Where To Place Your Bets Now,"Despite the Fed's rate cut, U.S. stocks sell off due to the hawkish stance on inflation. Click here to read my full analysis of what to invest in and what to avoid.",https://finnhub.io/api/news?id=7c5c4c0ab849c82d3de0846c09f771ed1c59de43bb55387cb21e5de6750837c8
SPY,1734706800,S&P 500: Tensions Are High And Exits Are Crowded,Market is experiencing significant tension evidenced by violent surges in VIX and a divergence between mega-cap tech stocks and underperforming equities. Read what investors need to know.,https://finnhub.io/api/news?id=6e16cbc85f727d0bf274bb1e4414fc020bd925c8aae1324d8eedf3280ff060b4
SPY,1734704786,The 2025 Outlook: A Bear Market And The S&P 500 At 4100,A 2025 market prediction that has the S&P 500 to fall to 4100 in 2025 amid earnings decline and P/E contraction. Read what investors need to know.,https://finnhub.io/api/news?id=485151045c29b1209b5d8c6865b5083b3a6e6be1c4fdd3b0e92199ccf4a2d430
SPY,1734703809,"No, Mr. Powell, A Recession Has Not Been Avoided","A warning of an economic downturn despite Powell's optimism, citing yield curve patterns and liquidity issues. Click here to read my take.",https://finnhub.io/api/news?id=243e73bec0e912ad930d12a44f3da4e6915a6447bbb0e6cf26350c37204809b1
SPY,1734703781,SPY Vs. IWM: Why We Prefer Small-Cap Stocks,The more hawkish interest rate outlook could translate into a stronger headwind for IWM rather than SPY. Read more on how these ETFs can help investors navigate volatile markets.,https://finnhub.io/api/news?id=f35190ef6635ae9308b147ed1515bc2ee8c1d17603f88ac12ac16fa6a8e8ed1c
SPY,1734701400,Will Santa Claus Come To Wall Street?,US markets tend to perform well during the last 5 trading days of the year and first 2 trading days of the new year. The question is whether Santa visited early this year or is yet to come.,https://finnhub.io/api/news?id=fd86bcd302faddcea956fa0db6ae4ed4dcb450ee426e8291c42a0b4dfc955ad0
SPY,1734701340,Will Santa Claus Rally Set In for 2024? 4 Best ETF Areas to Explore,"Though a less-dovish Fed for 2025 may slightly dampen moods on Wall Street, a moderate Santa Claus Rally seems likely this year.",https://finnhub.io/api/news?id=f8f4d3e7d7d4eeb8071d22591f372828f8d4a211294f3fd6bd694af44a1d8054
SPY,1734701060,Small Cap Stocks May Have A Very Rough Road Ahead,"Small-cap stocks have seen limited gains in 2024, with the Russell 2000 still below its 2021 highs and earnings estimates declining. Read what investors need to know.",https://finnhub.io/api/news?id=392670a1109e288c3ace66723d164d120737e21b18b6ede2aaefdf00423678c2
SPY,1734700704,"Exchange-Traded Funds, Equity Futures Lower Pre-Bell Friday as Investors Focus on Upcoming Inflation Report",The broad market exchange-traded fund SPDR S&P 500 ETF Trust (SPY) was down 1.1% and the actively tr,https://finnhub.io/api/news?id=f27f52c318184f5d95be3ddb6bef779827f023847a64c8d3d5f4d8f99414f5bf
SPY,1734690900,November 2024 Personal Income And Spending,"While PCE grew a bit more slowly than expected in November, the most important data in todayâs release were PCE (and core PCE) inflation data that were a bit cooler than expected.",https://finnhub.io/api/news?id=45a51ce4586b84da42d734173b428ca6f0f1b638d4cdf37b83ca041b30eb0ccf
SPY,1734690000,Government Shutdown Risk Is New Headache For U.S. Economy,"The US economy's engine of growth is the private sector, but the governmentâs share of GDP isnât trivial. A potential government shutdown starting midnight today will be a non-trivial event.",https://finnhub.io/api/news?id=6fe7c8bfd4f145762de3b07cb5359d95430df4bee303708cb49e3c87d43e4f62
SPY,1734688625,"NMAI: Very Attractive Yield, If It Is Sustainable","Is NMAI a good investment? High yield, flexible strategy, but concerns over distribution sustainability and current valuation. Click here for more on NMAI.",https://finnhub.io/api/news?id=1c217de795195501d5da260174ab26cd62f73bb2e9d07f606021d0fed8f3b110
SPY,1734688200,Asset Allocation For 2025: Time To Put Cash To Work In The Markets?,"Equity markets have hit new highs this year, but there is still a substantial amount of cash on the sidelines. TD Asset Management's Jing Roy discusses what may be ahead for 2025.",https://finnhub.io/api/news?id=861d9f34648abed653d6ac0b6aeeb8ed18d66428fc5a5f3192dab38ba968b571
SPY,1734686100,"REITs Are Suffering, Time To Switch Emotions Off And Act Rationally",An analysis on why REITs have fallen behind but present a big opportunity for income investors in 2024. Read what investors need to know.,https://finnhub.io/api/news?id=a2d19d6ef3fa571c99b8db91163ecd45a9ffefbb21fce197a818b93bd617ec7e
SPY,1734683417,"2025 Markets To Be Driven By Liquidity, Lobbying And Collectibility - Most Likely","Financial writer predicts stock markets will continue to rise in 2025 due to Liquidity, Lobbying, and Collectibility factors, despite cautious outlook.",https://finnhub.io/api/news?id=ab7af2662334470da3be1d1cad3b918552453a4bb3e94446fc3d2793ada5ed94
SPY,1734681600,GMO Q3 2024 Quarterly Letter,We consider 3 notable relative equity market underperformers during US growthâs triumphant run and share 4 avenues of analysis we recommend. Click here to read more.,https://finnhub.io/api/news?id=5dd9624a7ec5c2c0fbae717419090d9b417b9aa8aed00af4e49e28634153d315
SPY,1734681000,The Top Investment Trends For Ultra-High Net Worth Investors In 2025,TD Wealth's Syed Naqvi and Brad Simpson discuss the evolving investment landscape in 2025 and how ultra-high net worth families are positioning themselves.,https://finnhub.io/api/news?id=657ae99c7bee8e30ae4909e5df5da335e8a4017a0be833961298f1f7d759c3e1
SPY,1734671676,VAW: A Potential Hedge Against Market Inflation Fears,"VAW and XLB are great materials sector ETFs with similar performance, but VAW offers lower concentration risk and broader diversification. Explore more details here.",https://finnhub.io/api/news?id=45b13b33813ad3bd6e3d6489a5183fc2423270aa7a856a481012debb691db2bc
SPY,1734669000,"Fed Meeting December 2024: Another Cut Now, But Maybe Fewer Ahead","The Fed cut rates by 25 bps at its December meeting. But the big surprise was the dot plot change for 2025, which shows that the Fed now expects only 50 bps in cuts next year. Read more here",https://finnhub.io/api/news?id=02b9de918de33855d8ede7cdf47c81dc8e2d14fc7083fd0960bc1a3db0e903bc
SPY,1734661800,How Would A Government Shutdown Affect Market Volatility?,"If Congress doesn't pass a spending bill or continuing resolution by midnight on December 20, parts of the government will start to shut down.",https://finnhub.io/api/news?id=becabad606b4c8ad67649c16284eee6fc2ea0c6d5c00a55e5c411006b2a6d002
SPY,1734660000,Could A New Misery Index Help Explain The Election Outcome?,The economy was far from the only factor that affected the outcome of the 2024 election. Read more here.,https://finnhub.io/api/news?id=0d08eb524543e262e3e10f688bddb314935a89646a8c1f193709a6ff7b1161a4
SPY,1734658200,CB Leading Economic Index: Small Rise In November,The latest Conference Board Leading Economic Index increased slightly in November; it rose 0.3% from the previous month to 99.7 after eight consecutive monthly declines.,https://finnhub.io/api/news?id=5ca84c822f0f637d57f2e2fb3b0e1bc0b3afba6c8d6089ff8bc4f951aee983ef
SPY,1734657900,"December FOMC Meeting: Another Rate Cut, But Policy Uncertainty Ahead","At its December meeting, the Federal Open Market Committee decided to lower the benchmark policy rate by 25 basis points to 4.25%-4.50%",https://finnhub.io/api/news?id=98d9380a16fc33bbeb465ef98fedba6fbcc9fd5919c9874000625c2a4988966b
SPY,1734646432,ETF Market Sets Records In 2024 As Inflows Reach $1.6 Trillion: 7 Funds Leading Charge,"Exchange-traded funds are rewriting the financial playbook, with 2024 marking a historic year for the industry. From record-breaking flows to innovative fund launches, Bank of America detailed $1.6 trillion in ETF inflows this year in a new note. The global ETF market has grown to a staggering $15.1 trillion in assets under management. Additionally, ETF launches hit an all-time high of 1,485 in 2024, and institutional ownership continues to surge, cementing ETFs as the cornerstone of modern inve",https://finnhub.io/api/news?id=917115c3b9366d735e5ab1834f91c1ffcbfe9e24ae205b44b666066d224f846b
SPY,1734638400,"Q3 GDP Third Estimate: Real GDP At 3.1%, Above Forecast","Real gross domestic product increased at an annual rate of 3.1% in Q3 2024, according to the third estimate.",https://finnhub.io/api/news?id=27cfaf695fb3465b8a165643098d750a8f9161b207f155234879c9013f0cd1f2
SPY,1734637500,"U.S. Fed Cuts Rates By 25 Bps, Signals Fewer Cuts In 2025",The U.S. Federal Reserve has lowered its overnight rate by another 25 basis points to 4.5%.,https://finnhub.io/api/news?id=d8f12aedb935f7a126e51c68705d5fb5d8780ee4097bffcb2f54a5d32a744c4b
SPY,1734632280,This fund has a 20-year record of success and 7.5% income yield — using options,This income approach has also ridden along with the market’s largest tech gainers.,https://finnhub.io/api/news?id=28e3764122ac980d5ae4e4825f26d670ad5755ab04bd2e4001a8af8af4c62445
SPY,1734632096,The Fed's 'pivot' brought market uncertainty to the forefront,The Federal Reserve's hawkish comments about uncertainty in the rate path ahead spooked investors.,https://finnhub.io/api/news?id=96fe16a418d09325df19fe05bd87e54adaa48d693d72fc386baa43a1a925c05c
SPY,1734627803,S&P 500 2025 Market Forecast: Growth Remains Intact,"2024 saw strong equity market performance, with the S&P 500 driven by AI growth; Palantir led with a 341% YTD return. Read what investors need to know.",https://finnhub.io/api/news?id=c77775df6b4451bf2513e845fcc0812b29d803346270d3806a30f3c4c8f6eafb
SPY,1734620520,2024 Year-End Review And Outlook: U.S. Economy And Global Markets,"Thanks in part to robust economic momentum in 2024, a solid growth rate looks set to spill over into 2025. The main uncertainty is how the Trump administration will reshuffle the outlook.",https://finnhub.io/api/news?id=ee8e858caf73ee30b7c6e3a2febbd05c4f9b355ffb27ea115bb36d835869c435
SPY,1734620317,AAII Sentiment Survey: Neutral Sentiment Rises,"Market sentiment shifts as bullish sentiment decreases, neutral sentiment increases, and bearish sentiment remains steady. Click here to read more.",https://finnhub.io/api/news?id=830915489d8d721bf476e57af4c7cad2722164b830bc02d7899aa9169f9780b3
SPY,1734619083,"Markets Tanked After The Fed Cut Rates, But What's Really Changed?","Financial markets reacted to FOMC meeting with few surprises, raising questions about risks and potential Fed rate hikes. Read what investors need to know.",https://finnhub.io/api/news?id=1a216d2fabbb177a57889fa40f529586c3a209c6657cd2c46a9045fb1fb2302d
SPY,1734614042,"Exchange-Traded Funds, Equity Futures Higher Pre-Bell Thursday as Investors Digest Fed Comments Ahead of Economic Data",The broad market exchange-traded fund SPDR S&P 500 ETF Trust (SPY) was up 0.7% and the actively trad,https://finnhub.io/api/news?id=7ff9a7b8b0dfb0b1a5dafcee1452907e41d35cb77cf074e6f7e690edf99d8fb0
SPY,1734612600,Macro Outlook: How Geopolitics Will Drive Markets In 2025,We continue to see stronger growth in the US than elsewhere but valuations are higher in the US. So we would expect to see constructive markets in the US as we go into â25. But will they be?,https://finnhub.io/api/news?id=2c0e54bcd556d74759489e70b2afb07489c76900f2aed7e02a86a2001799e802
SPY,1734610053,The Fed Fumble And The Dollar Wrecking Ball,"The Fed's hawkish stance and limited rate cuts for 2025 have raised inflation concerns, leading to a market selloff and a stronger dollar.",https://finnhub.io/api/news?id=bd2fb9a23ab932f7f7717c80098532afafcc80378a8fa5953615e51834829b1c
SPY,1734609143,Did The Fed Just Trigger A Correction?,"The Fed's new projections signal higher rates and recession risks. Find out why the dollar surged and Treasury yields spiked, impacting risk assets.",https://finnhub.io/api/news?id=152d3078661e90352ef14533405e593c13c9a15da1af85c110bdd2cea184aedf
SPY,1734606000,State Of REITs: Recession To Recovery In 2025,"REITs surged 20% before the Fed's rate cuts but now face challenges. See why valuations, not fundamentals, are behind their 45% underperformance gap.",https://finnhub.io/api/news?id=ab0276ab60a4f2cf22edb8b897f0b3f4df830ed66f21dcdcbe6d0cd35c9b1bc2
SPY,1734603783,Stocks Have Swung From Overbought To Oversold Seemingly Overnight,"The Fed's recent SEP suggests fewer rate cuts next year, but their projections have historically been inaccurate. Check out what investors need to know.",https://finnhub.io/api/news?id=51868b95b51834122145629bbabb218bbf7f19e5833e71c5c503df2dee759f7e
SPY,1734603600,"Billionaire Israel Englander Sells Apple Stock and Buys an Index Fund That Could Soar 180%, According to a Wall Street Analyst","Israel Englander is the CEO of Millennium Management, the second most profitable hedge fund in history as measured by net gains since inception, according to LCH Investment.  In total, Millennium owns more than 6,000 stocks, index funds, and options, but Englander downsized one of his largest positions in the third quarter.  Specifically, he sold 11.5 million shares of Apple (NASDAQ: AAPL), reducing his stake by 90%.",https://finnhub.io/api/news?id=e93557d44ca4b895dc0390c8c7f617a05b6b96feb540c5fef8b9378539684aea
SPY,1734602367,"December FOMC Meeting: A Hawkish Recalibration, Inflation Mandate Now In Focus","Fed's December 25 bps rate cut to 4.25-4.50% was expected, but the hawkish SEP projections caused a harsh market reaction. Read more on the market's reaction.",https://finnhub.io/api/news?id=85eb7123b81d292e9e9615573d88b9f4ba912f265c6f94ef41add63b89686c0f
SPY,1734598800,How The Fed Lost Control Of Monetary Policy,"Financial markets react negatively to the Fed's third rate cut in 2024, causing dissent and credibility concerns within the FOMC. Read my take on Fed policy.",https://finnhub.io/api/news?id=c5fe6c770626b37a4d52b6b000646bfeb4c5604db33394ea2e67c813b8aeebee
SPY,1734596400,Where Do Stocks Go From Here?,The S&P 500 is up about 30% this year (+28.07% through December 9) and has surged more than 75% since the depths of September 2022.,https://finnhub.io/api/news?id=313a2727cf23323a28cc6ff3b131987df103c03734798efca1232ef09666d7ee
SPY,1734592800,Market Meltdown: What Changed?,"Only two things changed in the statement: the Fed Funds rate, and one member of the committee became more hawkish. But this took 2.58% off the Dow, 3.58% off Nasdaq and 4.3% off Russell 2000",https://finnhub.io/api/news?id=3db18eaf7b12b3dfd425bb3cef673bbdfcb5dbc1c1c68cea596f5fbbaed350ba
SPY,1734592126,Overvaluation And Uncertainty Is A Path To Correction In 2025,"The S&P 500 is dangerously overvalued, suggesting a potential correction or recession. Read more to see my thoughts on 2025.",https://finnhub.io/api/news?id=b5227437b903cbf3f6d0011c2c1b4a74cb2e93765d52f37b323d8758e6056e85
SPY,1734591600,PTL: Neither Outperformer Nor Counterbalance To SPY And Its Mag-7-Dominant Holdings,The Inspire 500 ETF excludes the Magnificent 7 and aligns investments with biblical values. Find out why PTL's performance may not align with the S&P 500.,https://finnhub.io/api/news?id=579d79d417a7dc9499f7e290c9b74404e59a148b5968f8238e651e1cab969699
SPY,1734589200,Wall Street Breakfast Podcast: Stock Futures Stabilize After Sharp Selloff,U.S. stock futures stabilize after sharp selloff. Will Amazon strike during busy holiday season? Micron shares slump 16%,https://finnhub.io/api/news?id=03c2af50fa035ab7c0e34ea1e107ef42fc10c2270c2815578729dd4f28dcadba
SPY,1734588900,The Fed's Hawkish Pivot Signals Big Trouble Ahead For Markets,"The Fed's December rate cut may be the last of the cycle, with fewer cuts expected in 2025. Click here to read more about the market outlook.",https://finnhub.io/api/news?id=cb3631b9906ba34c7eed1176a49c96b92cad090574fff438fa4b9d5e4cc1ef00
SPY,1734569978,How To Defend Against More 3% S&P 500 Down Days Like Wednesday,"Learn how to assess market risk, protect against losses, and prepare for uncertain times with defensive strategies and insights from past crises.",https://finnhub.io/api/news?id=58069b3a87fa50f8da32d3a7f7876c27b3114a3a1c8d329d57f484f88c1de4de
SPY,1734552393,"Armour Residential REIT: High Yield, Declining Asset Value",,https://finnhub.io/api/news?id=d94e6ba1d41fc87297d5e0b841f3eb077ec030bdc0aecae6b6569f0ce9873b95
SPY,1734535896,Wall Street Lunch: Fed Cuts Rates,GIS reports results; Nvidia's GB200 AI and HPC servers to reach mass production in 2025; Merck partners with Hansoh on GLP-1 receptor agonist for weight loss. Click for more.,https://finnhub.io/api/news?id=16e4f928f1ab7a13e5a3274b2c2e83f15f9e32b701b7a5b865ad6f33e7ce3408
SPY,1734529352,Neither Stocks Nor Bonds Have Caught Up To This Reality,"Inflation stays high, and fewer Fed rate cuts are expected. Learn why market complacency remains a concern amid sticky inflation and high valuations.",https://finnhub.io/api/news?id=94f8aaf27024be6b838ce8744c20d9aab074307ed1c76825e00d6a5a58490eda
SPY,1734528276,"Exchange-Traded Funds, Equity Futures Higher Pre-Bell Wednesday as Traders Await Fed Rate Decision",The broad market exchange-traded fund SPDR S&P 500 ETF Trust (SPY) was up 0.3% and the actively trad,https://finnhub.io/api/news?id=a50e00bb2fcddd292327f82e1f1d723a1c97d4610b36da03a147558a6634de52
SPY,1734527100,"Kirk Spano On Bitcoin, Options Selling And A Choppy 2025",WhyÂ Kirk SpanoÂ has been bullish - and successful - with the market and Bitcoin this year and what he sees for 2025.,https://finnhub.io/api/news?id=f94c6c0d670d3a15de0bf7939ca3605caecdea3e88b8e31832e9c1a865ac0a60
SPY,1734525321,IDEV: The Diversified International Stock ETF To Own In 2025,"The iShares Core MSCI International Developed Markets ETF tracks developed market equities outside the US, mostly in Japan, the UK, and Canada. Learn more on IDEV stock here.",https://finnhub.io/api/news?id=4597104b76fba3eed58f2481809a9f50ad9ffc93d4d0d3969e6a878695888bc0
SPY,1734519640,Big Tech is dominating the market once again — and that's probably just fine: Morning Brief,December is shaping up to be a tale of two markets.,https://finnhub.io/api/news?id=afdb150fc4253a22b608586043be5c9e846b07ddf9c76d6de078ed5a2cf199b6
SPY,1734517524,The Pullback In The Average Stock Looks Near Complete,"December has been tough for stocks, with the Dow Jones experiencing its longest losing streak since 1978, yet the S&P 500 is near its all-time high. Investors anticipate a 25 BP cut.",https://finnhub.io/api/news?id=efed00df5b50e56278334a5da0c77d8eeb382bf781d455fdf2ba8acb2b12e887
SPY,1734515700,3 Things I Think I Think - The Fed Didn't Do It,A common narrative is that the market was going up because of the Fed and asset price inflation. My argument was that stocks were going up because of fundamental improvement in the economy.,https://finnhub.io/api/news?id=c6d9597c3d2181a2b8b8bf56e50fd5cee52ad1e2b318478969a6ab80395d65b8
SPY,1734505500,Why The Market May Get Turned Upside Down In 2025,"AI stocks have dominated the market in 2024, dragging the S&P 500 higher with them. Find out why I think the market may get turned upside down in 2025.",https://finnhub.io/api/news?id=3f95c277ed09437ac4ed0fa712cfcf3c9f0df132d0f78975e67ed665a55bbcfc
SPY,1734504900,2025 Outlook: At The Doorstep Of The Reckoning,The U.S. faces a fiscal reckoning as government spending cuts and inflation risks dominate the outlook. Click to read.,https://finnhub.io/api/news?id=66d4b8a26fda701f90b384fc250c71f61f746a8b3b81dad40dea168512543981
SPY,1734502860,Younger Teens Disappearing From Ranks Of U.S. Workers,"In November 2024, the number and percentage of younger teens with jobs in the U.S. fell to its lowest level since March 2021.The number of U.S.",https://finnhub.io/api/news?id=e025e1ea8e3a025c00efbb3798d06d2d3743b8c666ab4c62e5c1fb6994b093a1
SPY,1734501120,The Calm Before The Storm,"Stock market fundamentals are solid, but slowly weakening, particularly from a liquidity perspective. Click to read.",https://finnhub.io/api/news?id=42832bd62fcf5631e1cf0f008db2bc9e66d8bdb5040921b33bfa02e9800d3673
SPY,1734493487,NOBL: Not A Competitive Solution Among Dividends,"NOBL offers a well-balanced combination of dividend yield, expense ratio, total return, volatility, and liquidity vs. peers. Read why NOBL ETF is a Hold.",https://finnhub.io/api/news?id=baa0a8c161b26fa8c40ad2d2a823e84b520a99a013750df0a1bf6d6f7cfb607a
SPY,1734476903,Why the Dow is suddenly in a historic funk,"The Dow Jones Industrial Average has fallen for nine straight trading sessions, marking its worst losing streak since 1978.",https://finnhub.io/api/news?id=afd424a2805402d7400e2d7df8b9aaeac0cdf99330726ee9f4b8727f564028d1
SPY,1734468107,Why the 'Magnificent 7' rally could be a ‘defensive’ move,Wall Street strategists believe investors are seeking safety in the market's most consistent performers as nervousness grows about the path forward for interest rates in 2025.,https://finnhub.io/api/news?id=a8a4b89a0c04b5026f9709cc72f11cdb2e910755c8117519e9a4424497270d94
SPY,1734453829,Investors' allocation to US stocks hits record high amid 'super-bullish sentiment': BofA survey,Increased optimism about growth in the US economy and new policies from the Trump administration have investors growing increasingly bullish on US stocks heading into 2025.,https://finnhub.io/api/news?id=81128e9c2a859216506d501587eb1efe8133e738cb92aac00d80a91ed1cb3886
SPY,1734453594,"Realty Income's Not The Blue Chip You Deserve, But The One You Need Right Now",Realty Income Corporation faces challenges but remains attractive for returns. See why O stockâs covered calls provide a strong yield versus simple buy-and-hold.,https://finnhub.io/api/news?id=91852d5e5c42b41cd627fc281f59fe1838c4d6143d3f1ab7a3f8b3914de9fa12
SPY,1734451200,5 Most Popular ETFs of Last Week,"ETFs pulled in $35 billion in capital last week, with U.S. equity ETFs leading the way.",https://finnhub.io/api/news?id=5169bb6992f6c0046c560a7daf3859ddc141ac17004968cac71db6a67ec30b20
SPY,1734441714,"Exchange-Traded Funds, Equity Futures Lower Pre-Bell Tuesday As Federal Reserve Policy Meeting Begins",The broad market exchange-traded fund SPDR S&P 500 ETF Trust (SPY) was down 0.3% and the actively tr,https://finnhub.io/api/news?id=de76593eb599db12f949ac7384e21f02aabadf4bc575860c092791d0a2b5f0e9
SPY,1734439200,Economic Resilience Supports Cyclical Rally,The US economy still looks set to slow in the final quarter of the year via the median nowcast. Output for Q4 is on track to rise at an annualized 2.1% pace.,https://finnhub.io/api/news?id=c008e156fb793b55d30f3888eb165beb3c4eee155215a0b21f5b042d3edbf64f
SPY,1734436200,"U.S. Q4 GDP Nowcast: December 17, 2024",The US economy still looks set to slow in the final quarter of the year via the median nowcast. Output for Q4 is on track to rise at an annualized 2.1% pace.,https://finnhub.io/api/news?id=5bb44cd3794121c29155e0fc10d094cab4506f0f8b5aed61644aee91109ca821
SPY,1734434760,Revisiting 'This Time Is Different',Efforts to justify the most recent market melt-up following the election of Trump are difficult to comprehend if you are one of those already skeptical of this market. Read more here...,https://finnhub.io/api/news?id=a992b225346f630e920bd602377dd78355cf3d834716859e439d76160345d8b3
SPY,1734433200,I Am Loading Up On These 2 High-Flying High-Yield Sectors For 2025,"AI stocks shine, but other sectors are rising too. Read why two big dividend sectors will lead in 2025 and discover my top stock picks in these areas.",https://finnhub.io/api/news?id=0b07dd1757a547550ce51a3005807d0480ae7f5a414c7a02461509379ead5dd6
SPY,1734428317,A Checkup On The Economic Screws,"Economic indicators show mixed results, but most âeconomic screwsâ are tight, suggesting no recession in the next 6 months. Explore more details here.",https://finnhub.io/api/news?id=a1692711471d0ee51d63d61072d76e8fb55eda96541dfc0187832afc62955b7f
SPY,1734426300,Permabull? Hardly,"Current market exuberance, elevated corporate profits, and potential fiscal tightening suggest increased caution may be needed heading into 2025. Click to read.",https://finnhub.io/api/news?id=0a0f4ea886cee6bc6fc1923857c26c7606f808c34cd63d9a48f5a507fb84cb49
SPY,1734425400,Diversifying Our Portfolio Diversifiers,U.S. stocks hovered near all-time highs last week. U.S. 10-year yields jumped sharply to near 4.40% before the Federal Reserveâs expected rate cut. Click to read.,https://finnhub.io/api/news?id=263975ee240fb1c197d87c6be23182149cad6204931398e49a85dc0b602ba9ea
SPY,1734424500,Brad Simpson On The Big Market Themes To Watch In 2025,"Equity markets have hit new highs this year, but can that run continue? TD Wealth's Brad Simpson reflects on the record run in 2024 and whether markets might expect more muted gains in 2025.",https://finnhub.io/api/news?id=7afe4df1d0718caaa22d1855de37d8e3db87eb200b504991d8cfca114f5b9ca2
SPY,1734422400,How Steven Cress' Top 10 2024 Picks Have Fared,Steven Cress' impression of 2024 as an investing year and how his top 10 2024 picks have fared.,https://finnhub.io/api/news?id=5afa80afc61a98c539bc304b59338aee1e758871418b81f8f186ca96e776c31f
SPY,1734419100,U.S. Recession Probability Drops Below 50%,"With the Federal Funds Rate being reduced, the yields of short-term U.S. Treasuries have followed, further reducing the recession start probability. Click to read.",https://finnhub.io/api/news?id=05a0accc1431528e88320bf911902ba60be0d17174f7052aafefccaf4e198171
SPY,1734410700,The U.S. Is The King Of Net Worth,"US market cap has edged out non-U.S market cap for the first time in the past 20 years. Adjusted for inflation, the net worth of the US private sector has increased by 12,656% since 1952.",https://finnhub.io/api/news?id=af9f2abb359a9eeb6e100472c2a0a0d96177f3fb4b21d2851ef368eaa5e4b9d5
SPY,1734391500,"Chart Of The Week: With Year-End In Sight, Here's Where Markets Stand","Just over two weeks remain in 2024, which means markets will be thinning out soon for the holidays. So... where do things stand? Read more here...",https://finnhub.io/api/news?id=7ac760a42c08d67eaa46db96c4e44f93d0b34a0f49138b3eda0bb2f6cc0e5530
SPY,1734370089,USNZ: A Tech-Heavy And Climate-Friendly Alternative To S&P 500 Index ETFs,Xtrackers Net Zero Pathway Paris Aligned US Equity ETF focuses on ESG-friendly firms with a 0.10% expense ratio. Read why USNZ stock mirrors major indices.,https://finnhub.io/api/news?id=9c54ddf15e2c858402a58b6b0f91cfed09e6b3cd5a244f2f733247cfb3999509
SPY,1734355320,"Exchange-Traded Funds, Equity Futures Higher Pre-Bell Monday Ahead of Federal Reserve Policy Meeting",The broad market exchange-traded fund SPDR S&P 500 ETF Trust (SPY) was up 0.2% and the actively trad,https://finnhub.io/api/news?id=b6a7f2c61823bc73ec8ada4e58d826d66e54c7f8ab02c85e4afdc9b492ac65df
SPY,1734352215,Warning Signs Or Preparing For The Rally Ahead?,"The market may be flashing some short to intermediate term warning signs as we see declining breadth. Longer term, we are in a bull market until proven otherwise. Click for more.",https://finnhub.io/api/news?id=b356e789985a77c2a7eb5c7fa2de30e14fa8fc8041dd82452a5e6989a3a0c713
SPY,1734344391,It's All About The Fed Now,"Despite potential near-term volatility and pullbacks, the SPX remains in a constructive uptrend, with a 2025 year-end target of around 7,000. Read the full market outlook on Seeking Alpha.",https://finnhub.io/api/news?id=ccabf4c13186913dd945fdd19b5916101b0cae0a40f63a9e89773e6015da7b33
SPY,1734341400,The Santa Claus Rally Under Attack,"Last week, the market's Santa Claus rally came under attack by the bond bears. Given participation in the stock market by American households is at an all-time high, there's a lot at stake.",https://finnhub.io/api/news?id=7ba80f848771ca6adc482871e99362c357f442433a3a4f8f597857125127b30b
SPY,1734335160,"Positive On Equities, Cautious On The S&P 500",The S&P 500 Index is just a few percentage points away from exceeding the 2013 calendar-year return of 32.4%. Click to read.,https://finnhub.io/api/news?id=d4819372d2090e9080bbf1caebf20a53d347f98baceda9e737c6d1b08e8101c1
SPY,1734334200,Market Default: Buy Tech,"There appears to be no end for the demand for tech shares, with the Nasdaq Composite and QQQs continuing to make new all-time highs while everything else goes in the dumpster.",https://finnhub.io/api/news?id=f4e84ea96f43b80f1baf37f454259ceb21cb8e8eeaec002076e609c8bd6f8c9d
SPY,1734329657,ETW: Maintain Your Equity Exposure And Earn An Attractive Yield,"ETW's strategy involves writing index options on U.S. and international equities, providing inflation protection and income. FInd out why the Fund is a Hold.",https://finnhub.io/api/news?id=40e6c551c38d1ed2f19f4425a772f2d1b4f4899c64a618eed9991152e83dd88d
SPY,1734326166,Caution Ahead: The Top Long Trade For 2025 - Cash!,"Prepare for market challenges in 2025 with short-term cash investments like SHY, which are expected to outperform stock market indices. Explore more details here.",https://finnhub.io/api/news?id=ed8b7389d35fe950b451f127ae26ccc511d6685afe709c68cfc0c00890a00ce2
SPY,1734282000,Into 2025: Top 8 Stocks I Own And Why (Part I),Discover top stock picks for 2025 in a record-breaking market driven by AI and economic resilience.,https://finnhub.io/api/news?id=59d81a7226c9e3cb8431a0f121113312afced8da92e65e9b4726e82032295a7a
SPY,1734278400,"S&P 500: Into The End, Week Starting 16th December (Technical Analysis)","Stay informed on the latest developments in the stock market as the S&P 500 nears the end of 2024, with potential surprises from the upcoming FOMC meeting.",https://finnhub.io/api/news?id=0f3fb6334d348c40be1c3646705c629a470895afb720690ad22f662ff3e13d87
SPY,1734274494,BST Trades At A -7.72% Discount To NAV And Yields Around 8%,Discover the potential of BlackRock Science and Technology Trust (BST) with an 8% yield and exposure to big tech for income and growth investors.,https://finnhub.io/api/news?id=770a77ce949f881d7e1f916ec4d07c684711fd46169f98987be1b8a69ecbf0b5
SPY,1734266703,The final Fed meeting of 2024 awaits: What to know this week,Investors will be closely watching for any hints on how much further the Federal Reserve plans to lower interest rates in 2025.,https://finnhub.io/api/news?id=2b659a32e8b2dc92da76cf41f428202fad2848eff7d91ba72bc362994e517352
SPY,1734255922,CLM: The Premium Works In Your Favor (Upgrade),"Discover why Cornerstone Strategic Value Fund (CLM) is a top pick for high dividend yield and capital gains in traditional equities, despite risks.",https://finnhub.io/api/news?id=cdc3268c465d343983fbbfa1eb90fa8cb829d85ee8929ef3d54e94cbcb1cfc0f
SPY,1734253200,RLTY: 8.3% Yield And Continued Recovery With Declining Interest Rates,Cohen & Steers Real Estate Opportunities and Income Fund is a solid investment opportunity with a high-income yield. Click for my updated look at the RLTY CEF.,https://finnhub.io/api/news?id=8404372cfe3353762d21b90cd577c8daf0df719f909f191254c91199f72b4ee6
SPY,1734251400,The Fed Could Be Creating A Disaster For The Market,"Analysis of the Fed's rate cut decision and its impact on interest rates, the dollar, and the bond market, with caution advised due to rising inflation expectations.",https://finnhub.io/api/news?id=6aae67f7337f6bad8402a929170553f358045c3d0aff2289c9c7403ccab2810c
SPY,1734250555,"Stock Market Euphoria To $100,000 Bitcoin, What I Got Right And Wrong In 2024","Financial writer predicts futures market trends for 2024 including S&P 500 exceeding expectations and Bitcoin hitting $100,000. Read more here.",https://finnhub.io/api/news?id=de96f172b8c53ec63eecdad16b8ea5da8ce4c6d12ad13ec494856b86a5dbea8f
SPY,1734242700,The Many Choices Of U.S. Dividend ETFs,"As classified by ETF Database by VettaFi, there are currently 92 dividend focused US ETFs with nearly $460 billion under management. Read more here.",https://finnhub.io/api/news?id=e22dc8ccd6a983943fe6703a748b4d505b48398c6437ca711ec269d448170e8d
SPY,1734230700,Trump Election Sends NFIB Optimism Surging,"Early this week, the NFIB released its latest small business confidence index. I am unsure that explosion fully encapsulates the move we saw following Trumpâs election.",https://finnhub.io/api/news?id=1b66deceb18b7fbaffc36edaf015077a6bfeaa545b7fd022c7b0e9be0c4c31dd
SPY,1734222407,Agnico Eagle Mines: Unmoved Price Is A Buying Opportunity,Agnico Eagle Mines Limited's stock price hasn't risen in the recent months owing to lacklustre gold prices. Learn why AEM stock is a Buy.,https://finnhub.io/api/news?id=0fbf61fd2f7255b7b4438a44c2b75370469235330dfe477f15d2e487a14ae1b6
SPY,1734176700,CTA And BTAL: My Recommended S&P 500 Hedges,Learn how to protect portfolio from a potential market drop with alternatives like CTA's managed futures and BTAL's market hedge. Read more here.,https://finnhub.io/api/news?id=3c44e7d61f53f4d06d397237eae7046bcd88a3774448658aada78150ad95c870
SPY,1734167700,It Is The Right Time To Be A Retirement Income Investor,Discover the key principles for maximizing retirement income investing and exploring high and durable income yields in price-return based strategies.,https://finnhub.io/api/news?id=e3e47d475350d28a0cf9d20e66902750d589f7ec2cb2b335b2a570833de53e45
SPY,1734166917,"Treasury Yield Curve Inversion Ending: Avoid Stocks, Buy Gold And Long-Bonds?","Preparing for a possible recession? Learn why adjusting your stock, gold, and bond holdings may be wise amidst changing economic indicators. Read more here.",https://finnhub.io/api/news?id=026fa86f5f6c89c6520c8f0a3e3d97abbcf88401fc6066a85bdbc1c3effebf91
SPY,1734166800,The World Of Funds And Why U.S. Is Most Attractive,Dan Malone of Malone Financial talks about the world of funds and how he approaches international and U.S. ETFs.,https://finnhub.io/api/news?id=4a6ac07dc5e5c58c7fe2d4f9bce4ea24f5ddcba7f876a213f088e3e12681cd5c
SPY,1734163500,The Art And Science Of Dividend Growth Investing,"Learn how Dividend Growth Investing can help prioritize sustainable income over speculative gains, aligning with long-term financial goals.",https://finnhub.io/api/news?id=32b0465d37d237e62afbc1256c27c2f05d4e47dff44a1eb2ea765008622d802f
SPY,1734163200,Weekly Indicators: Yield Curve Normalizes Further,"Stay ahead of economic trends with weekly indicators. Short leading indicators remain positive, supported by improvements in financial indexes.",https://finnhub.io/api/news?id=edb4d2b9d44c464e7b1d7b2cadac282b81d747247fac86b8b8c9d768573891e4
SPY,1734163200,U.S. Large Cap Equities Will Have A Weak 2025,Be warned of a bearish outlook for US large cap equities in 2025 due to extreme optimism and stretched valuations. Read an analysis here.,https://finnhub.io/api/news?id=cc2948645dd1a5c55fafd3c3d0159b60744cfb85d22049a741ea3575224e86d3
SPY,1734153019,Weekly Commentary: Monitoring For Peak Bubble Excess - Q3 2024 Z.1,"Despite another ECB rate cut, yields jumped 20 bps in Italy, 19 bps in Portugal, 17 bps in Greece and Spain, 16 bps in France, and 15 bps in Germany.",https://finnhub.io/api/news?id=ef798d960444e6e8ebd9e2dd8c95a0ff2047dcf57f407bfc82dc11f6607ed23e
SPY,1734151004,Cruising Altitude,Read an update on the latest trends in the stock market as the S&P 500 hits record highs in 2024 and potential pullbacks in early 2025.,https://finnhub.io/api/news?id=47872f1ce5d6cf82a0c2c23fa0000d0252487c06b1ceb755c31b8b398f8c4420
SPY,1734136200,Unemployment Claims As A Recession Indicator: November 2024,The civilian labor force has more than doubled from 76.5 million in January 1967 to over 168 million today. Read more here.,https://finnhub.io/api/news?id=d62b233e8225e03df245fe7fb9d2ae09f10c4be6ea1f167df484249389e5282e
SPY,1734110314,CMS Energy: Continuing On A Steady Path,CMS Energy is a major Michigan utility serving most of the state outside Detroit. Click here to read an up-to-date analysis of CMS stock now.,https://finnhub.io/api/news?id=e62372a9f4405cbff56d1ac696d0e05cc04ad0f60ee4db3ba93e8d7cb2f60e78
SPY,1734097354,"Exchange-Traded Funds, Equity Futures Higher Pre-Bell Friday as Investors Eye Third Rate Cut",The broad market exchange-traded fund SPDR S&P 500 ETF Trust (SPY) was up 0.5% and the actively trad,https://finnhub.io/api/news?id=d5279200f72ed3839c4819965f37a97519c246cf45352fa528fc5e0d94d5ceaf
SPY,1734097130,ABFL: A Solid But Expensive Free Cash Flow Leaders ETF,"ABFL aims to outperform the Russell 3000 Index with less risk using proprietary free cash flow analysis, but high leverage is a concern. Click for more on ABFL.",https://finnhub.io/api/news?id=680755e007588e9785c61fa0f4b6ea08af63bbca58545eca4272dd190ebd3826
SPY,1734096839,2025 General Market Outlook: Earnings Growth To Be Main Driver Of S&P 500,The S&P 500âs strong 2024 performance is at risk in 2025 with potential tariffs and decelerating AI growth. See why earnings growth is crucial for stability.,https://finnhub.io/api/news?id=b786a249631ba0c9335dee01ac6242aee45587f6d9680004cbc81d08e01376b1
SPY,1734095100,Navigating Earnings Season: Are Tariffs Really That Scary?,There is the sense that tariffs are going to rile corporate America with the potential to rekindle 'excuseflation.' But corporate America is not as scary as might be commonly thought.,https://finnhub.io/api/news?id=97f5d9365459c87b907971523889b1ccdb191a2766cc55ddf82d58e191e523f2
SPY,1734090690,The Granddaddy Of Sentiment Indicators Suggests Caution,"The Investors Intelligence survey shows that when there are more bearish writers, itâs a great buying opportunity. Read what investors need to know.",https://finnhub.io/api/news?id=e52829793eb914a997ada1cf80c4ba2ceccb6f1e642d1622f8e62ec761073e47
SPY,1734090554,VOO: One S&P 500 Valuation Indicator Flashes Caution Heading Into 2025,A recommendation to hold current shares of Vanguard S&P 500 ETF (VOO) due to high valuations and risks in early 2025. Click here to read more.,https://finnhub.io/api/news?id=70d506d2d8b75491d8abc403687e5eebf324383cafc4bc3400eba485be170348
SPY,1734088500,More Of The Same And What Can't Be Ignored,"More of the same and why Nasdaq 20,000 can't be ignored. MVP of Q4 is Tesla.",https://finnhub.io/api/news?id=c0d8fa2f41d68210c9e52f2f78fdcc1ff8ff9a228fc8827e260ebceb24407e1f
SPY,1734084288,Resolving An Overbought Condition,"The upcoming Fed meeting and rate cut will be pivotal, potentially lifting the average stock into year-end despite recent pauses. Explore more details here.",https://finnhub.io/api/news?id=ca6a626b5cac738297c55eb44e71ab50738cdb2eface420ca256ff233c513aa9
SPY,1734079200,Economic Indicators And The Trajectory Of Earnings,"During raging bull markets, exuberance about the market can detach from the underlying economic fundamentals. Click to read.",https://finnhub.io/api/news?id=dc913303b57447ad5a9cf76fe5b3831bd8f3d0295061e959392bb37d50720e68
SPY,1734072900,Japan's Tankan Was Uninspiring And U.K. Disappoints With Contracting Economy In October,The US dollar is mixed against the G10 and emerging market currencies to finish out the week. Click to read.,https://finnhub.io/api/news?id=eae2df68ed17145dea717856800b387d4b02d8c395dbe91b9b972b30c0e78b52
SPY,1734070500,"Fed Set To Cut 25bp But To Signal A Slower, Shallower Path Ahead",The Fed has cut rates 75bp over the past two FOMC meetings. It's expected to cut rates by a further 25bp on Dec 18 as it continues to move policy from restrictive territory closer to neutral,https://finnhub.io/api/news?id=1e1fa167f1e27f23924b92df157deb2d398dc8fb4d2a40f42d1e7f8433c8d2b9
SPY,1734066300,Human Nature Is Prone To Self-Harm In Financial Bubbles,"Today, we are back at 2000-era valuation levels for the third time in the last century. Once more, conventional wisdom is asserting that valuations no longer matter. Read more here...",https://finnhub.io/api/news?id=606f08e865f17f7b1bf9b854cae05f3822259dd4f7bd2be8ece0b5f96285785e
SPY,1734054000,"Unemployment Claims Up 17K, Much Worse Than Expected","In the week ending December 7th, initial jobless claims were at a seasonally adjusted level of 242,000.",https://finnhub.io/api/news?id=b71b9dd98d2ee6da37e74e061f5e1e628d11ac59cef8c46747e741f6d8d7ab57
SPY,1734045300,Jerome Powell's 2025 Inflation Challenge,A basic fact that makes monetary policy difficult even in the best of times is that it operates with what Milton Friedman characterized as long and variable lags.,https://finnhub.io/api/news?id=6812e263af5b0b9dc788e7cc3f3f0e6b5571110ce6244d45d93fec30bd488d21
SPY,1734032577,"Stocks will end 2025 lower due to sticky inflation, economic slowdown, Stifel predicts",Stifel chief investment strategist Barry Bannister believes higher inflation and slower than expected economic growth will derail the stock market rally in 2025.,https://finnhub.io/api/news?id=c393854ec0cb6f668427dd989e455a03a9e61873dc3761c5c583becb038eef7f
SPY,1734032400,Producer Price Index: Wholesale Inflation Rose In November,"The producer price index for final demand remained rose 0.4% month-over-month (s.a.), above economist estimates of 0.2%.",https://finnhub.io/api/news?id=acec075e345ae78faed7e81ba60a454f59af23b50b2b1b8c565356ce9d2c64e0
SPY,1734010860,"2025 May See Rate Hikes, Rising Inflation, And A Bear Market",Inflation concerns and potential Fed hikes threaten market stability. Learn why 2025 could be a tough year for equities amid tightening monetary policies.,https://finnhub.io/api/news?id=c0264e46f401f9b67ae53720b1d11ac1a2204d67df5ead6e9a35be316413015a
SPY,1734009963,"Exchange-Traded Funds, Equity Futures Lower Pre-Bell Thursday as Traders Pull Back in Anticipation of More Inflation Data",The broad market exchange-traded fund SPDR S&P 500 ETF Trust (SPY) was down 0.1% and the actively tr,https://finnhub.io/api/news?id=a5556fc9dcfbffb4f5b3f19af6f5abc6d72ba4f7856ed28f3c30ff11b6cb3094
SPY,1734004200,"When Tariffs Hit: Stocks, Bonds, And Volatility","Itâs been only a little more than a month since the US Presidential election, and already analystsâ heads are spinning over the potential impact of trade policy. Click to read.",https://finnhub.io/api/news?id=e315a32da964bb05e7d0315ddb1a884afa23f0e5422dff9ddc31876491d6ec11
SPY,1734001750,Simplify's CTA: The Coveted Free Lunch,"Diversification across asset classes mitigates risks and enhances portfolio resilience - the real ""free lunch"". See why I rate CTA ETF as a buy.",https://finnhub.io/api/news?id=d3e387f590b2dadd7a3c3a4b70e36282e1fb3ea1e4c4b89270674addb17036d5
SPY,1733994033,Top Wall Street bull sees possibility of feverish stock rally fading in second half of 2025,Fundstrat head of research Tom Lee sees a roaring rally cooling off in the second part of 2025 as stocks could follow a typical historical pattern following two years of strong gains.,https://finnhub.io/api/news?id=e0d57786453af4cb9d8ec0e131fdcd5a26ba8ccccfd6815626ba419bcec633bd
SPY,1733985416,S&P 2025 Forecast: Forget About Valuation And Party Like It's 1999,Improved fiscal discipline and lower geopolitical risk from the incoming administration could help earnings growth and boost sentiment. Read more here.,https://finnhub.io/api/news?id=61f84e1abc5229d8b7d6f3c0decc107892f759840ae573c04480bdd458562d1e
SPY,1733985240,SNB Slashes Policy Rate In Half,Australia reported a stronger-than-expected November jobs growth and an unexpected decline in the unemployment rate. Click to read.,https://finnhub.io/api/news?id=7d47ffb6cc9a066244336d2e04daa3a1879116726fc79de212d80ca7bfe06596
SPY,1733984100,Inflation May Become A Problem For Asset Markets Again In 2025,,https://finnhub.io/api/news?id=a450408de749a1965a0a874b487eef200d4dd8230f3ee248306ec78b4185c117
SPY,1733982858,XAI Octagon Floating Rate & Alternative Income Trust Makes Sense As Tactical Year-End Buy,"XFLT trades at a premium due to high monthly distributions, but recently cut its distribution yield to 13.71%. Read why I upgrade the fund from hold to buy.",https://finnhub.io/api/news?id=d506a685564c5643f332914f47a6abae8aa51f2f527c8cb30585a2ee61df1697
SPY,1733962508,S&P 500 2025 Prediction: Global Contagion Threatens Wall Street,"S&P 500's heavy reliance on international revenues, especially from struggling regions like Europe and China, poses significant risks. Click here for a detailed analysis.",https://finnhub.io/api/news?id=ad4f267057388ede68a99b15cfdb85c9a46767ab31897d32ceb8492c88e15a11
SPY,1733961600,The December FOMC Meeting,"Going into its last meeting of the year, on December 17th and 18th, the FOMC now has a new jobs report, and the number of jobs created in November is 227,000.",https://finnhub.io/api/news?id=e9ed33edf21f6bba5364f73cf9e1b4cd8336da98a7ac9dbefe9bf598ded8be65
SPY,1733959200,CPI Bullish For Long-Term Inflation Outlook,"CPI printed in-line at .3 on core and headline. Importantly, rent and owners' equivalent rent finally declined to .2 for the month.",https://finnhub.io/api/news?id=32891ea15925e87421098a2234fae7bac72f51f66e3258a92a0cdaced3fb18e6
SPY,1733957700,CPI: Shelter Prices Are Rising 4.7% YoY,"Energy continues to play the primary role in bringing down inflation. Shelter, which is the largest component of the inflation basked, remains elevated.",https://finnhub.io/api/news?id=c357ed38baca4166c25b9d5545e9bcc89d44a5a21741a1069b0acf7d945d2813
SPY,1733955600,November CPI Report: Inflation Risks Keep The Fed On Edge,"The November CPI report aligned with consensus expectations, likely confirming a Fed policy cut next week.",https://finnhub.io/api/news?id=5712ed56cc2f811631f892c58864d6664dd1d57b771b46bd4774dad2dea7672e
SPY,1733945400,Consumer Price Index: Inflation Edges Up To 2.75% In November,"According to the Bureau of Labor Statistics, the headline figure for the Consumer Price Index rose to 2.75% year-over-year, right in line with economist expectations.",https://finnhub.io/api/news?id=5cfd0e0a0cf362c20579e45f6899bfa4a87b8b3c27b6bb67f63d5b5b51aae821
SPY,1733940113,Why SCHD May Lag SPY,Schwab U.S. Dividend Equity ETF has a significant underweight in technology and overexposure to banks. Find out why SCHD is a Sell.,https://finnhub.io/api/news?id=427113d6e1ab32f7d2a5df90285103ef996c32e05284c3d4eb700283e835f3a9
SPY,1733930442,Inflation Still Has The Potential To Derail The Fed's Rate Plan,"Inflation rose by 0.3% in November, with core inflation at 3.3% YoY, stalling disinflationary trend and potentially derailing Fed's 2025 rate plans. Click for more.",https://finnhub.io/api/news?id=28a5553434822678ff77b40b512191cae002138f6cc94bb0f774b7593bb8869e
SPY,1733923465,"Exchange-Traded Funds Higher, Equity Futures Mixed Pre-Bell Wednesday as Investors Anticipate Latest Inflation Data",The broad market exchange-traded fund SPDR S&P 500 ETF Trust (SPY) was up 0.1% and the actively trad,https://finnhub.io/api/news?id=1065e9e08dc639492535bf297f28150b7b63de46d0a6b90193f46c874f170b69
SPY,1733915908,"S&P 500: A Year-End Record, A Challenging 2025, And A 'Lost Decade'","Trump's policies, like fiscal stimulus and global tariffs, may boost inflation and strengthen the dollar. Click here to read what investors need to know.",https://finnhub.io/api/news?id=38362b07c2b7d3e428015828965e22491a0ad92954d3f0e34dad9797663226f2
SPY,1733915041,An 'unfamiliar' era for investors has arrived after a 20-year 'regime': Morning Brief,"As another CPI reading is set to show the continued challenge of reeling in inflation, RSM chief economist Joe Brusuelas says that things are different now — and explains what that means.",https://finnhub.io/api/news?id=41e9127390a54c323fcac5646ab0e2cebedd1d9de7c6304e554455b2e881b3db
SPY,1733914388,U.S. Private Sector Prints $394 Billion Surplus And This Points To Higher Equity Prices In December,November's $394 billion private sector surplus signals a positive outlook for December's risk asset markets. Learn why markets could keep rising into 2025.,https://finnhub.io/api/news?id=05172365bd10461f0ea72b0b51e218e93dd0f5d4cc344c8c9d12dd2751e20340
SPY,1733913158,"DNP: Big Income, Market Crash Hedge",,https://finnhub.io/api/news?id=5a7304322d2676819204d964b727e2af03e07dbe017b0665b08205f6f7ca1b51
SPY,1733913046,"November CPI In Line, Fed Expected To Cut Rates Next Week","Financial markets reacted positively to November CPI report, fueling expectations of a Fed rate cut next week. Click for my full analysis of the inflation report.",https://finnhub.io/api/news?id=8e690722e791b546c65b029ab8d76656b8aae594c7caad4383f666cb489f4e41
SPY,1733911800,A Normal Rate Setting Calls For Active/Passive Fixed Income,"With U.S. interest rates settling into a 'normal' range, fixed income investors should rethink portfolio strategies as ultra-low yields are unlikely to return.",https://finnhub.io/api/news?id=cab704a3883bbd5fb0947b7b867f9b15fa3c432ed6118f87616082465d9d30ef
SPY,1733907600,"SP500 Likely To Underperform In 2025, But Still One Of The Best Long-Term Investments","Predicting the S&P 500's 2025 performance is challenging, but I foresee a modest correction in market multiples. Discover why I maintain a Buy rating on the S&P 500 ETF.",https://finnhub.io/api/news?id=be5aca8971662db3cfd757845cc815947d047c5fba47d82ce426442f2a56400c
SPY,1733901300,"Slower Growth, But No Recession: U.S. Q4 GDP Nowcast","US economic activity still appears on track to post a softer increase in Q4 2024, but the downshift remains gradual, and so, recession risk is low. Read more here...",https://finnhub.io/api/news?id=4f4fb5f6cf8df7852ded798881665ddceb8c99fa65a69c699e59be65b7121330
SPY,1733898000,U.S.-China Trade Turns Back Down,U.S. exports to China plunged during October 2024; a large portion of that decline is attributable to a seven-week-long strike by Boeing mechanics.,https://finnhub.io/api/news?id=264a5b04fb80acc7b7e592ecf2abd518934ed29e58dae2068bffb447ec29189e
SPY,1733895000,3 Things I Think I Think - Strategic Reserves And Stuff,Thereâs increasing chatter about the US government starting a âstrategic Bitcoin reserveâ. But governments donât need to hold reserves of Bitcoin or gold. Read more here...,https://finnhub.io/api/news?id=b36077ec4416cf74889be62f55dfaf172ff23ba7b6c0c351f281de49b3e8bc65
SPY,1733883600,The 4 Trump Policies Most Likely To Impact Economic Growth,Deregulation and tax cuts could potentially provide a boost to US economic and market growth.,https://finnhub.io/api/news?id=83d07d644d7b056784206e951c345e33c489963b6da973e54df00bfdb337d9f9
SPY,1733877000,Small Business Facts Vs. Feelings,The headline Optimism Index surged by 8 points month-over-month for its biggest jump since 1980 and up to the highest level since June 2021.,https://finnhub.io/api/news?id=443f1492f114fe874800febdc8f8d76bd20e718e41106ef012816f802148e930
SPY,1733853175,The 2 Most Important Labor Market Sectors,"Understand the importance of the labor market and how job losses impact recessions, especially in construction and manufacturing sectors. Click for more.",https://finnhub.io/api/news?id=23766d7b18f9d1e7c9bfaa9749c16fdf1680a3588b8af36d11d9ea318d569dd3
SPY,1733850276,"Total Return Breakouts: LendingClub, ""Zombie"" Bank Winners And A Fed Rate Cut Next Week","Highlighting top trades from three portfolio models: LendingClub Corp, Direxion Daily Regional Banks 3x Bull fund, and First Foundation Bank, each selected for specific market conditions.",https://finnhub.io/api/news?id=65f09618dcdeea1ef22efa39de4d0e4bf6a72e88a2152d454bcef7bce50c2974
SPY,1733843676,THW: Revisiting The 11.8% Healthcare Yielder As Thesis Plays Out,abrdn World Healthcare Fund delivered poor returns. Find out why THW CEF underperformed by more than 6% and why our view is more optimistic now.,https://finnhub.io/api/news?id=b0e86003d6276242d434221f54fb223a62d41ab5e94962f394056a362b761868
SPY,1733842800,Analysts Turn More Bullish on S&P 500 for 2025: ETFs to Bet On,"With the S&P 500 crossing multiple thresholds this year, many analysts expect further gains in 2025.",https://finnhub.io/api/news?id=8819b5488bdcb837ffb4034e952511ba56a4a53bc220f412e708b1a599838e72
SPY,1733839200,U.S. Debt Dynamics Look Scary. Effective Policy Is Critical,,https://finnhub.io/api/news?id=c5798b466ebd997d77707f0d25db100d11dd9c73befb915149664249e3ec30d5
SPY,1733825631,Qualitative And Contrarian Outlook For 2025,"Discover how to navigate the S&P 500's surge in 2024 with tech and AI, and future outcomes in 2025 through strategic investment approaches.",https://finnhub.io/api/news?id=ea0bbe481e26ba60fe58b954dd3dee217bda6605b6de9c7df41603095463c9e0
SPY,1733812800,Portfolio Rebalancing And Valuations - 2 Risks We Are Watching,"While analysts are currently very optimistic about the market, the combined risk of high valuations and the need to rebalance portfolios in the short term may pose an unanticipated threat.",https://finnhub.io/api/news?id=ac09e59506408a44624d81dfea5f8ba6fd4528af3127e52f761e8eaa11d3ba68
SPY,1733811432,"VXUS: Compelling Equity Risk Premium, Low PEG Make It A Buy (Rating Upgrade)","Despite recent underperformance, technical indicators suggest a solid uptrend, making VXUS an attractive investment heading into 2025. Read more here.",https://finnhub.io/api/news?id=204b143435e7e5a66bede264e9b256bbb4a780c59c6fc2b60d5611ef197a50e4
SPY,1733810249,S&P 500: Overshoot In Q1 2025 And Ending With Double-Digit Upside Potential,"Predicting the S&P 500 requires understanding earnings growth, interest rates, and investor psychology. Read more to see my thoughts.",https://finnhub.io/api/news?id=8f5c06cba1f76e17954318175236dd09ec53812f75580bf5e1176002e4ec8848
SPY,1733801630,The Million-Dollar Question Of The American Economy,Government stimulus and other benefits shot up during COVID and have remained at an above trend level since. Click here for a detailed analysis.,https://finnhub.io/api/news?id=7d96daf9365ac07a67161db44c778119fe76a0a561b10dbd49f378435446ac4a
SPY,1733797500,Jobs: Household Survey Shows Negative Job Gains YTD,The BLS reported a gain of 227k jobs which was in line or slightly above expectations. The bigger issue was that the Household Survey came in extremely weak at -355k jobs.,https://finnhub.io/api/news?id=3fa12dc1b7cdafe4607a193a85f90f27c29e3b284404966d071e34852fca40bd
SPY,1733792400,Argentina ETF On Top In 2024,Below is a look at year-to-date total returns for 46 country ETFs available to investors on US exchanges.,https://finnhub.io/api/news?id=ff212723d71a1644de6db05ca9262bf9d3e99fe15279ecf1de6d7ec730ddd6cd
SPY,1733788500,Employment Report Supports Hawkish Cut,"The employment report came in in line at 227,000 vs. expectations of 220,000, but importantly the household survey was very weak with a decline of 355,000.",https://finnhub.io/api/news?id=b6b604fd36d980193d92300e59026037cfaa85c16b3f7c63147ca7c05e47852e
SPY,1733788200,November Jobs Report: Not Enough To Alter The Fed's Course,"The November jobs report showed a 227,000 gain in jobs, rebounding from last monthâs weather and strike-induced weakness.",https://finnhub.io/api/news?id=d75226ff40bb197449dfd635c5d71ab0c1177e2f4dcb00f9ba4acfb395a6b7b8
SPY,1733785671,Around The World In 80 Stocks: A Global Hunt For Value,"Global investing opportunities with an emphasis on value stocks in Canada, France, Sweden, and more. Click here for a detailed analysis.",https://finnhub.io/api/news?id=3b904dd5f54feb45f979fa01ec3f0df8a265a4dfd461fe6c2c44dc7c3869ecc3
SPY,1733771087,Be Cautious When Others Are No Longer Fearful,"S&P 500 surged this year, but technical indicators suggest a near-term correction of 5-10% is likely soon. Find out how investors can prepare for a possible market swoon.",https://finnhub.io/api/news?id=2621f2d54752ae8f1ff74cf5180c693e75c5025aad6469bf41a8f5bcf198a7bf
SPY,1733769300,Opposite Day To Start The Week,"The S&P 500 (SPY) was down 0.5% while the Russell 1,000 was down 0.7%.",https://finnhub.io/api/news?id=7f077e490fb3b9212247fc23726020782ddb70f9ffc91ffff50e1a5d2ac2ca04
SPY,1733766382,Texas Pacific: 70% Down To Fair Value,"Texas Pacific Land's recent stock surge is not sustainable, with valuation metrics indicating a potential 70% downside ahead. Learn more about TPL stock here.",https://finnhub.io/api/news?id=de2d1af49f773310fcfc8bd0e19043fc63b135d939b00c47d5513804537beb95
SPY,1733758605,S&P 500: Accumulating In A Year Of Likely Consolidation Ahead,"Financial writer projects sideways movement for the S&P 500 in 2025 due to market valuations, sees buying opportunities in temporary draw-downs. Click for more.",https://finnhub.io/api/news?id=bd6b0d4a04e85aec2dc8d15e7184cd17f36654f5387e29b10251672c588d7a1b
SPY,1733755719,"SCHD ETF: It Is Boring, And You Can Do Much Better - Is It For You?","Schwab U.S. Dividend Equity ETF is a reliable and stress-free investment option for conservative, long-term investors. Find out why SCHD remains a Buy.",https://finnhub.io/api/news?id=5654415599c12e0851a87cdde14be8e9ce6ea59952dcd1a8fd8387bb515944e2
SPY,1733755585,Wall Street issues its most bullish 2025 S&P 500 target yet,"Oppenheimer initiated a 2025 year-end S&P 500 target of 7,100 as chief investment strategist John Stoltzfus  expects strong economic growth and the broadening of the AI trade to catapult stocks higher.",https://finnhub.io/api/news?id=f3f192943588b77ae5448aa1c8e8cd37e545d14f2df4c383224bf4ffa8513af5
SPY,1733754091,The Recipe For A Bull Market,"Financial writer highlights similarities between the current market and the late 1990s DotCom boom, recommends investing in AI stocks and ETFs. Click for more.",https://finnhub.io/api/news?id=6a0495f984ef1539c53ba8eaa1f0ec61f1cc187143db05643bae4609eb1d8cfc
SPY,1733751923,"Exchange-Traded Funds Lower, Equity Futures Mixed Pre-Bell Monday Ahead of Crucial Inflation Data",The broad market exchange-traded fund SPDR S&P 500 ETF Trust (SPY) was down 0.03% and the actively t,https://finnhub.io/api/news?id=e08a2b0f0cf1d895123732bce9a7e0c1848a3c97bb44322171de4f8d83f19ff5
SPY,1733749221,November CPI Report Is Expected To Show Inflation Has Accelerated,"Financial analysts project rising CPI and wage growth, potentially impacting Fed rate cuts and interest rates across the yield curve. Click for my preview.",https://finnhub.io/api/news?id=d3ad13f3820a547f993267b6bf0b34d45c849d67eea0a9590b9ae99061f85fbb
